Product,Subreddit,Thread Title,Thread URL,Post Body (Original),Comment Author,Comment Body,Comment Score,Scraped At
Dot & Key 10% Vitamin C Serum With 5% Niacinamide,SkincareAddiction,[Routine Help] Nothing's working on my skin,https://www.reddit.com/r/SkincareAddiction/comments/1o2q412/routine_help_nothings_working_on_my_skin/,"It's been 3-4 months since I've been using this routine and nothing seems to work. I (16) have an oily skin and there are post acne marks, whiteheads, blackheads, open pores on my forehead, cheeks, chin and nose. I'll share my routine here

AM
1. Cetaphil oily skin cleanser
2. ice rolling
3. dot and key toner with cica and niacinamide 
4. the ordinary 10% niacinamide serum 
5. ponds super light gel with vitamin c 
6. sunscreen 

PM 
1. ordinary salyclyic acid face wash
2. toner
3. 2% salyclyic acid serum 
4. moisturizer 

is there something wrong in my routine? is it too much?
Any advice would be very helpful!",[post author],"It's been 3-4 months since I've been using this routine and nothing seems to work. I (16) have an oily skin and there are post acne marks, whiteheads, blackheads, open pores on my forehead, cheeks, chin and nose. I'll share my routine here

AM
1. Cetaphil oily skin cleanser
2. ice rolling
3. dot and key toner with cica and niacinamide 
4. the ordinary 10% niacinamide serum 
5. ponds super light gel with vitamin c 
6. sunscreen 

PM 
1. ordinary salyclyic acid face wash
2. toner
3. 2% salyclyic acid serum 
4. moisturizer 

is there something wrong in my routine? is it too much?
Any advice would be very helpful!",5,2026-02-24 22:45:38
Dot & Key 10% Vitamin C Serum With 5% Niacinamide,SkincareAddiction,[Routine Help] Winter Routine Help for Dry Skin,https://www.reddit.com/r/SkincareAddiction/comments/s3fdof/routine_help_winter_routine_help_for_dry_skin/,"Hello amazing people of r/SkinCareAddiction:

*Skin Concerns*: dullness, dryness, uneven skin tone, mild hormonal acne prone skin, anti-aging

*Skin Type*: Dry to very dry. Sensitive.


So around March 2020 I , 34F, landed on these hallowed pages, lurked around, read a ton of product and skin concerns research and came up with a beginner’s skincare routine which did wonders for me. Will try to post the dramatic improvement pics on Friday. Now the thing is, I was in India for several months and the routine and products I found were perfect for that weather + some of them were of Indian brands. 

Now I’ve moved back to the US and NY winters are making my skin so so dry. Also I ran out of my retinol so I have to find an alternative thats available here.

*Current Routine*:

_AM_:
- Wash with luke warm water (no product)
- Hyaluronic Acid Serum (Dot &amp; Key - Indian Company)
- Dear Klairs Freshly Juiced Vit C Drop Serum
- Dear Klairs Vitamin A + Niacinamide mask
- Avene SPF 30 Sunscreen (Will bump to SPF 50 once I finish this tube. Also I primarily WFH)

_PM_:
- Wash with lukewarm water (no product)
- Retinol Cream (Dot &amp; Key - Indian Company)
- Hyaluronic Acide based Sleeping Ma",[post author],"Hello amazing people of r/SkinCareAddiction:

*Skin Concerns*: dullness, dryness, uneven skin tone, mild hormonal acne prone skin, anti-aging

*Skin Type*: Dry to very dry. Sensitive.


So around March 2020 I , 34F, landed on these hallowed pages, lurked around, read a ton of product and skin concerns research and came up with a beginner’s skincare routine which did wonders for me. Will try to post the dramatic improvement pics on Friday. Now the thing is, I was in India for several months and the routine and products I found were perfect for that weather + some of them were of Indian brands. 

Now I’ve moved back to the US and NY winters are making my skin so so dry. Also I ran out of my retinol so I have to find an alternative thats available here.

*Current Routine*:

_AM_:
- Wash with luke warm water (no product)
- Hyaluronic Acid Serum (Dot &amp; Key - Indian Company)
- Dear Klairs Freshly Juiced Vit C Drop Serum
- Dear Klairs Vitamin A + Niacinamide mask
- Avene SPF 30 Sunscreen (Will bump to SPF 50 once I finish this tube. Also I primarily WFH)

_PM_:
- Wash with lukewarm water (no product)
- Retinol Cream (Dot &amp; Key - Indian Company)
- Hyaluronic Acide based Sleeping Ma",6,2026-02-24 22:45:38
Dot & Key 10% Vitamin C Serum With 5% Niacinamide,IndianBeautyDeals,Dot &amp; Key 4 Facewash for ₹242 with a FREE mini Serum! ,https://www.reddit.com/r/IndianBeautyDeals/comments/1h8z4vc/dot_key_4_facewash_for_242_with_a_free_mini_serum/,"Amazing Deal!

Get Dot &amp; Key 4 Facewash for ₹242 with a FREE mini Serum!

Shop now: https://www.dotandkey.com/collections/face-wash

Here's how:

1. Add any 3 facewashes of 100ml from the link.
2. Add the Watermelon facewash last.
3. Apply coupon code: SANGYA10

Pay ₹242 via prepaid or opt for COD with a small extra charge!

Hurry! Grab this awesome deal!",[post author],"Amazing Deal!

Get Dot &amp; Key 4 Facewash for ₹242 with a FREE mini Serum!

Shop now: https://www.dotandkey.com/collections/face-wash

Here's how:

1. Add any 3 facewashes of 100ml from the link.
2. Add the Watermelon facewash last.
3. Apply coupon code: SANGYA10

Pay ₹242 via prepaid or opt for COD with a small extra charge!

Hurry! Grab this awesome deal!",28,2026-02-24 22:45:38
Dot & Key 10% Vitamin C Serum With 5% Niacinamide,IndianBeautyDeals,Is this worth it ,https://www.reddit.com/r/IndianBeautyDeals/comments/1eybe43/is_this_worth_it/,How is this deal.... I have dry skin and I'm trying dot and key for the first time... Any suggestions or reviews are welcome 🥰,[post author],How is this deal.... I have dry skin and I'm trying dot and key for the first time... Any suggestions or reviews are welcome 🥰,8,2026-02-24 22:45:38
Dot & Key 10% Niacinamide Strawberry Brightening Serum,IndianSkincareAddicts,List of fungal-safe products [2022],https://www.reddit.com/r/IndianSkincareAddicts/comments/xyrgx8/list_of_fungalsafe_products_2022/,"⚠️ **DISCLAIMER:** Since making this post, I've learned some new information that has changed my perception and usage of the term ""fungal-safe"". I've shared about this at length in my post [""Fungal-safe"" skincare: unscientific BS?](https://reddit.com/r/IndianSkincareAddicts/s/IxvbUdN1jv) The TLDR of that post: there is no scientific proof showing that the ingredients excluded as not ""fungal-safe""  actually cause problems for those with malassezia-related conditions. The concept of ""fungal-safe"" is something created purely based on the personal experiences of people on the internet. It is 100% anecdotal. I will no longer be perpetuating the concept of ""fungal-safe"" skincare, and all previous or future posts by me should not be considered advice, but merely recountings of my personal experience. **These are simply techniques and product choices that have worked for me, personally.**

♦️♦️♦️♦️♦️

It's been over a year since I first made a list of fungal-safe products, for anyone dealing with malassezia follicutlitis (fungal acne), seb derm (seborrheic dermatitis) or similar conditions. Since then, more products have come on the market, reformulations have happened, I've used more prod",Remarkable-Ant360,"I have found some other fa safe moisturizers :- 

Aroma Treasures lightening pigmentation gel

Apieu madecassoside cream 2X

Bare body essentials hydraglow gel

Beplain cicaful calming gel

Bliscent Olive Squalane &amp; Cantaloupe Gel Moisturiser

Dot and key cica niacinamide night gel

Dr. Sheths vitamin e and ginseng cream

Dr. Sheths hibiscus and niacinamide lotion

Dr. Sheths vitamin c oil free moisturizer (has coconut alkanes)

Earth rhythm cica gel

Earth rhythm phyto gel

Goodal houttuynia cordata calming moisture cream

Haruharu wonder honey green aqua bomb cream

Ilana clarifying and calming night gel

Innisfree jeju cherry blossom jelly cream

Innisfree jeju orchid enriched cream

Innisfree green tea sleeping mask

Iunik centella calming gel cream

Joy revivify hydroboost lightweight day cream spf 15

Joy revivify hydra renew regenerate night cream (has milk lipids)

Lacuna light daily protect gel moisturizer

Moduseb moist oil free moisturizer

Nykaa SKINRX Hyaluronic Acid Hydra-X Night Moisturizer For Oily Skin

Pilgrim oil free gel moisturizer

Rovectin skin essentials cica care sleeping pack

Suganda centella green tea gel

Quench Botanics matcha better anti shine moisturizer ( According to Nykaa's ingredients list, it is fa safe, but according to tata cliq's ingredients list, it's not, I am unable to open their own website, so Idk which one is correct)

Skinfood Lettuce &amp; Cucumber Watery Cream

Thank You Farmer True Water Light Gel Cream

Truekind manjistha and saffron moisture gel

Truekind bio exfoliant brightening sleeping mask

Truekind acne calming herb rescue mask",9,2026-02-24 22:46:15
Dot & Key 10% Niacinamide Strawberry Brightening Serum,IndianBeautyDeals,Dot &amp; Key 4 Facewash for ₹242 with a FREE mini Serum! ,https://www.reddit.com/r/IndianBeautyDeals/comments/1h8z4vc/dot_key_4_facewash_for_242_with_a_free_mini_serum/,"Amazing Deal!

Get Dot &amp; Key 4 Facewash for ₹242 with a FREE mini Serum!

Shop now: https://www.dotandkey.com/collections/face-wash

Here's how:

1. Add any 3 facewashes of 100ml from the link.
2. Add the Watermelon facewash last.
3. Apply coupon code: SANGYA10

Pay ₹242 via prepaid or opt for COD with a small extra charge!

Hurry! Grab this awesome deal!",[post author],"Amazing Deal!

Get Dot &amp; Key 4 Facewash for ₹242 with a FREE mini Serum!

Shop now: https://www.dotandkey.com/collections/face-wash

Here's how:

1. Add any 3 facewashes of 100ml from the link.
2. Add the Watermelon facewash last.
3. Apply coupon code: SANGYA10

Pay ₹242 via prepaid or opt for COD with a small extra charge!

Hurry! Grab this awesome deal!",28,2026-02-24 22:46:15
Dot & Key 10% Niacinamide Strawberry Brightening Serum,IndianBeautyDeals,Dot n key serum on discount 60% and above,https://www.reddit.com/r/IndianBeautyDeals/comments/137ck67/dot_n_key_serum_on_discount_60_and_above/,"Deal of the day: Dot &amp; Key 10% AHA + 2% BHA Hydro Peel Glow Potion, 30ml, Exfoliating Serum with Glycolic, Lactic acids for skin glow, Paraben Free, AHA BHA Peeling Solution https://amzn.eu/d/2XoOkfu

Deal of the day: Dot &amp; Key Alpha Arbutin + Azelaic Biphasic Serum Radiance Concentrate, 20ml https://amzn.eu/d/61eoGqa

Deal of the day: Dot &amp; Key 10% Niacinamide Serum Ultimate Spot Corrector, 30ml, with 1% Zinc and Hyaluronic Acid, face serum for spotless skin (30) https://amzn.eu/d/7nmSgHj

Deal of the day: Dot &amp; Key Glow Accelerator 30% AHA + 2% BHA Peeling Solution, Face serum for visibly soft, smooth and glowing skin https://amzn.eu/d/d8sY7qH


Deal of the day: Dot &amp; Key Glow Elixir Radiance Enhancing Face Oil, 20ml | Face Oil for Glowing Skin | For All Skin Types https://amzn.eu/d/iYcoHmy


Deal of the day: Dot &amp; Key Acne Busting Face Serum 30ml, with zinc and salicylic for pimple and acne prone skin https://amzn.eu/d/7gHtgR6",[post author],"Deal of the day: Dot &amp; Key 10% AHA + 2% BHA Hydro Peel Glow Potion, 30ml, Exfoliating Serum with Glycolic, Lactic acids for skin glow, Paraben Free, AHA BHA Peeling Solution https://amzn.eu/d/2XoOkfu

Deal of the day: Dot &amp; Key Alpha Arbutin + Azelaic Biphasic Serum Radiance Concentrate, 20ml https://amzn.eu/d/61eoGqa

Deal of the day: Dot &amp; Key 10% Niacinamide Serum Ultimate Spot Corrector, 30ml, with 1% Zinc and Hyaluronic Acid, face serum for spotless skin (30) https://amzn.eu/d/7nmSgHj

Deal of the day: Dot &amp; Key Glow Accelerator 30% AHA + 2% BHA Peeling Solution, Face serum for visibly soft, smooth and glowing skin https://amzn.eu/d/d8sY7qH


Deal of the day: Dot &amp; Key Glow Elixir Radiance Enhancing Face Oil, 20ml | Face Oil for Glowing Skin | For All Skin Types https://amzn.eu/d/iYcoHmy


Deal of the day: Dot &amp; Key Acne Busting Face Serum 30ml, with zinc and salicylic for pimple and acne prone skin https://amzn.eu/d/7gHtgR6",5,2026-02-24 22:46:15
Dot & Key 10% Niacinamide Strawberry Brightening Serum,IndianBeautyDeals,Need vouchers Deconstruct or Minimalist or derma or Dot and key or plum or any other better serum brands,https://www.reddit.com/r/IndianBeautyDeals/comments/12emtx3/need_vouchers_deconstruct_or_minimalist_or_derma/,,TintuMon_OP,I saw dot and key at amazon for huge discounts. Also try tata pallete.. 500 off on 1000 rs purchases.,1,2026-02-24 22:46:15
Dot & Key 10% Niacinamide Serum,SkincareAddiction,[Routine Help] Nothing's working on my skin,https://www.reddit.com/r/SkincareAddiction/comments/1o2q412/routine_help_nothings_working_on_my_skin/,"It's been 3-4 months since I've been using this routine and nothing seems to work. I (16) have an oily skin and there are post acne marks, whiteheads, blackheads, open pores on my forehead, cheeks, chin and nose. I'll share my routine here

AM
1. Cetaphil oily skin cleanser
2. ice rolling
3. dot and key toner with cica and niacinamide 
4. the ordinary 10% niacinamide serum 
5. ponds super light gel with vitamin c 
6. sunscreen 

PM 
1. ordinary salyclyic acid face wash
2. toner
3. 2% salyclyic acid serum 
4. moisturizer 

is there something wrong in my routine? is it too much?
Any advice would be very helpful!",[post author],"It's been 3-4 months since I've been using this routine and nothing seems to work. I (16) have an oily skin and there are post acne marks, whiteheads, blackheads, open pores on my forehead, cheeks, chin and nose. I'll share my routine here

AM
1. Cetaphil oily skin cleanser
2. ice rolling
3. dot and key toner with cica and niacinamide 
4. the ordinary 10% niacinamide serum 
5. ponds super light gel with vitamin c 
6. sunscreen 

PM 
1. ordinary salyclyic acid face wash
2. toner
3. 2% salyclyic acid serum 
4. moisturizer 

is there something wrong in my routine? is it too much?
Any advice would be very helpful!",5,2026-02-24 22:46:54
Dot & Key 10% Niacinamide Serum,SkincareAddiction,skincare advice for my texture pls [routine help],https://www.reddit.com/r/SkincareAddiction/comments/1oo3mpk/skincare_advice_for_my_texture_pls_routine_help/,"so this is how my skin looks even after exfoliating once a week (minimalist chemical peel) and moisturizing enough so what am i doing wrong? it's not visible under that lighting but i have big pores on my cheeks too along with this weird texture plus my cheeks get REALLY oily. also im a 18yo so i haven't thought about retinols
my skin type combination, i have really oily cheeks (i get acne there) along with dry forehead and the rest of my face is normal 

my current skin routine is :-
morning - 
light wash with water
dot and key barrier repair moisturizer 
sunscreen if outdoors 

night - 
dot and key barrier repair face wash
plum 3% niacinamide toner (twice a week)
HA serum (twice a week)
dot and key barrier repair moisturizer 

should i add 10% niacinamide in my routine (ordinary or plum)? or something like azelaic acid or adaplene OTC?
my main concern is this texture, big pores and oiliness on my cheeks",[post author],"so this is how my skin looks even after exfoliating once a week (minimalist chemical peel) and moisturizing enough so what am i doing wrong? it's not visible under that lighting but i have big pores on my cheeks too along with this weird texture plus my cheeks get REALLY oily. also im a 18yo so i haven't thought about retinols
my skin type combination, i have really oily cheeks (i get acne there) along with dry forehead and the rest of my face is normal 

my current skin routine is :-
morning - 
light wash with water
dot and key barrier repair moisturizer 
sunscreen if outdoors 

night - 
dot and key barrier repair face wash
plum 3% niacinamide toner (twice a week)
HA serum (twice a week)
dot and key barrier repair moisturizer 

should i add 10% niacinamide in my routine (ordinary or plum)? or something like azelaic acid or adaplene OTC?
my main concern is this texture, big pores and oiliness on my cheeks",1,2026-02-24 22:46:54
Dot & Key 10% Niacinamide Serum,IndianBeautyDeals,Dot &amp; Key 4 Facewash for ₹242 with a FREE mini Serum! ,https://www.reddit.com/r/IndianBeautyDeals/comments/1h8z4vc/dot_key_4_facewash_for_242_with_a_free_mini_serum/,"Amazing Deal!

Get Dot &amp; Key 4 Facewash for ₹242 with a FREE mini Serum!

Shop now: https://www.dotandkey.com/collections/face-wash

Here's how:

1. Add any 3 facewashes of 100ml from the link.
2. Add the Watermelon facewash last.
3. Apply coupon code: SANGYA10

Pay ₹242 via prepaid or opt for COD with a small extra charge!

Hurry! Grab this awesome deal!",[post author],"Amazing Deal!

Get Dot &amp; Key 4 Facewash for ₹242 with a FREE mini Serum!

Shop now: https://www.dotandkey.com/collections/face-wash

Here's how:

1. Add any 3 facewashes of 100ml from the link.
2. Add the Watermelon facewash last.
3. Apply coupon code: SANGYA10

Pay ₹242 via prepaid or opt for COD with a small extra charge!

Hurry! Grab this awesome deal!",30,2026-02-24 22:46:54
Dot & Key 10% Niacinamide Serum,IndianBeautyDeals,Dot n key serum on discount 60% and above,https://www.reddit.com/r/IndianBeautyDeals/comments/137ck67/dot_n_key_serum_on_discount_60_and_above/,"Deal of the day: Dot &amp; Key 10% AHA + 2% BHA Hydro Peel Glow Potion, 30ml, Exfoliating Serum with Glycolic, Lactic acids for skin glow, Paraben Free, AHA BHA Peeling Solution https://amzn.eu/d/2XoOkfu

Deal of the day: Dot &amp; Key Alpha Arbutin + Azelaic Biphasic Serum Radiance Concentrate, 20ml https://amzn.eu/d/61eoGqa

Deal of the day: Dot &amp; Key 10% Niacinamide Serum Ultimate Spot Corrector, 30ml, with 1% Zinc and Hyaluronic Acid, face serum for spotless skin (30) https://amzn.eu/d/7nmSgHj

Deal of the day: Dot &amp; Key Glow Accelerator 30% AHA + 2% BHA Peeling Solution, Face serum for visibly soft, smooth and glowing skin https://amzn.eu/d/d8sY7qH


Deal of the day: Dot &amp; Key Glow Elixir Radiance Enhancing Face Oil, 20ml | Face Oil for Glowing Skin | For All Skin Types https://amzn.eu/d/iYcoHmy


Deal of the day: Dot &amp; Key Acne Busting Face Serum 30ml, with zinc and salicylic for pimple and acne prone skin https://amzn.eu/d/7gHtgR6",[post author],"Deal of the day: Dot &amp; Key 10% AHA + 2% BHA Hydro Peel Glow Potion, 30ml, Exfoliating Serum with Glycolic, Lactic acids for skin glow, Paraben Free, AHA BHA Peeling Solution https://amzn.eu/d/2XoOkfu

Deal of the day: Dot &amp; Key Alpha Arbutin + Azelaic Biphasic Serum Radiance Concentrate, 20ml https://amzn.eu/d/61eoGqa

Deal of the day: Dot &amp; Key 10% Niacinamide Serum Ultimate Spot Corrector, 30ml, with 1% Zinc and Hyaluronic Acid, face serum for spotless skin (30) https://amzn.eu/d/7nmSgHj

Deal of the day: Dot &amp; Key Glow Accelerator 30% AHA + 2% BHA Peeling Solution, Face serum for visibly soft, smooth and glowing skin https://amzn.eu/d/d8sY7qH


Deal of the day: Dot &amp; Key Glow Elixir Radiance Enhancing Face Oil, 20ml | Face Oil for Glowing Skin | For All Skin Types https://amzn.eu/d/iYcoHmy


Deal of the day: Dot &amp; Key Acne Busting Face Serum 30ml, with zinc and salicylic for pimple and acne prone skin https://amzn.eu/d/7gHtgR6",4,2026-02-24 22:46:54
Dot & Key 10% Vitamin C+E Super Bright Face Serum,IndianSkincareAddicts,List of fungal-safe products [2022],https://www.reddit.com/r/IndianSkincareAddicts/comments/xyrgx8/list_of_fungalsafe_products_2022/,"⚠️ **DISCLAIMER:** Since making this post, I've learned some new information that has changed my perception and usage of the term ""fungal-safe"". I've shared about this at length in my post [""Fungal-safe"" skincare: unscientific BS?](https://reddit.com/r/IndianSkincareAddicts/s/IxvbUdN1jv) The TLDR of that post: there is no scientific proof showing that the ingredients excluded as not ""fungal-safe""  actually cause problems for those with malassezia-related conditions. The concept of ""fungal-safe"" is something created purely based on the personal experiences of people on the internet. It is 100% anecdotal. I will no longer be perpetuating the concept of ""fungal-safe"" skincare, and all previous or future posts by me should not be considered advice, but merely recountings of my personal experience. **These are simply techniques and product choices that have worked for me, personally.**

♦️♦️♦️♦️♦️

It's been over a year since I first made a list of fungal-safe products, for anyone dealing with malassezia follicutlitis (fungal acne), seb derm (seborrheic dermatitis) or similar conditions. Since then, more products have come on the market, reformulations have happened, I've used more prod",Remarkable-Ant360,"I have found some other fa safe moisturizers :- 

Aroma Treasures lightening pigmentation gel

Apieu madecassoside cream 2X

Bare body essentials hydraglow gel

Beplain cicaful calming gel

Bliscent Olive Squalane &amp; Cantaloupe Gel Moisturiser

Dot and key cica niacinamide night gel

Dr. Sheths vitamin e and ginseng cream

Dr. Sheths hibiscus and niacinamide lotion

Dr. Sheths vitamin c oil free moisturizer (has coconut alkanes)

Earth rhythm cica gel

Earth rhythm phyto gel

Goodal houttuynia cordata calming moisture cream

Haruharu wonder honey green aqua bomb cream

Ilana clarifying and calming night gel

Innisfree jeju cherry blossom jelly cream

Innisfree jeju orchid enriched cream

Innisfree green tea sleeping mask

Iunik centella calming gel cream

Joy revivify hydroboost lightweight day cream spf 15

Joy revivify hydra renew regenerate night cream (has milk lipids)

Lacuna light daily protect gel moisturizer

Moduseb moist oil free moisturizer

Nykaa SKINRX Hyaluronic Acid Hydra-X Night Moisturizer For Oily Skin

Pilgrim oil free gel moisturizer

Rovectin skin essentials cica care sleeping pack

Suganda centella green tea gel

Quench Botanics matcha better anti shine moisturizer ( According to Nykaa's ingredients list, it is fa safe, but according to tata cliq's ingredients list, it's not, I am unable to open their own website, so Idk which one is correct)

Skinfood Lettuce &amp; Cucumber Watery Cream

Thank You Farmer True Water Light Gel Cream

Truekind manjistha and saffron moisture gel

Truekind bio exfoliant brightening sleeping mask

Truekind acne calming herb rescue mask",9,2026-02-24 22:47:28
Dot & Key 12% Barrier Boost Serum Ceramides Niacinamide,IndianSkincareAddicts,List of fungal-safe products [2022],https://www.reddit.com/r/IndianSkincareAddicts/comments/xyrgx8/list_of_fungalsafe_products_2022/,"⚠️ **DISCLAIMER:** Since making this post, I've learned some new information that has changed my perception and usage of the term ""fungal-safe"". I've shared about this at length in my post [""Fungal-safe"" skincare: unscientific BS?](https://reddit.com/r/IndianSkincareAddicts/s/IxvbUdN1jv) The TLDR of that post: there is no scientific proof showing that the ingredients excluded as not ""fungal-safe""  actually cause problems for those with malassezia-related conditions. The concept of ""fungal-safe"" is something created purely based on the personal experiences of people on the internet. It is 100% anecdotal. I will no longer be perpetuating the concept of ""fungal-safe"" skincare, and all previous or future posts by me should not be considered advice, but merely recountings of my personal experience. **These are simply techniques and product choices that have worked for me, personally.**

♦️♦️♦️♦️♦️

It's been over a year since I first made a list of fungal-safe products, for anyone dealing with malassezia follicutlitis (fungal acne), seb derm (seborrheic dermatitis) or similar conditions. Since then, more products have come on the market, reformulations have happened, I've used more prod",Remarkable-Ant360,"I have found some other fa safe moisturizers :- 

Aroma Treasures lightening pigmentation gel

Apieu madecassoside cream 2X

Bare body essentials hydraglow gel

Beplain cicaful calming gel

Bliscent Olive Squalane &amp; Cantaloupe Gel Moisturiser

Dot and key cica niacinamide night gel

Dr. Sheths vitamin e and ginseng cream

Dr. Sheths hibiscus and niacinamide lotion

Dr. Sheths vitamin c oil free moisturizer (has coconut alkanes)

Earth rhythm cica gel

Earth rhythm phyto gel

Goodal houttuynia cordata calming moisture cream

Haruharu wonder honey green aqua bomb cream

Ilana clarifying and calming night gel

Innisfree jeju cherry blossom jelly cream

Innisfree jeju orchid enriched cream

Innisfree green tea sleeping mask

Iunik centella calming gel cream

Joy revivify hydroboost lightweight day cream spf 15

Joy revivify hydra renew regenerate night cream (has milk lipids)

Lacuna light daily protect gel moisturizer

Moduseb moist oil free moisturizer

Nykaa SKINRX Hyaluronic Acid Hydra-X Night Moisturizer For Oily Skin

Pilgrim oil free gel moisturizer

Rovectin skin essentials cica care sleeping pack

Suganda centella green tea gel

Quench Botanics matcha better anti shine moisturizer ( According to Nykaa's ingredients list, it is fa safe, but according to tata cliq's ingredients list, it's not, I am unable to open their own website, so Idk which one is correct)

Skinfood Lettuce &amp; Cucumber Watery Cream

Thank You Farmer True Water Light Gel Cream

Truekind manjistha and saffron moisture gel

Truekind bio exfoliant brightening sleeping mask

Truekind acne calming herb rescue mask",8,2026-02-24 22:47:51
Dot & Key 12% Barrier Boost Serum Ceramides Niacinamide,IndianBeautyDeals,Can i get a better deal for this on Dot and Key,https://www.reddit.com/r/IndianBeautyDeals/comments/1h9f9mh/can_i_get_a_better_deal_for_this_on_dot_and_key/,also has anyone tried out the barrier repair serum? is it worth buying,[deleted],is dot and key good? tell me if you've tried it,1,2026-02-24 22:47:51
Dot & Key 12% Barrier Boost Serum Ceramides Niacinamide,IndianBeautyDeals,Dot &amp; Key 4 Facewash for ₹242 with a FREE mini Serum! ,https://www.reddit.com/r/IndianBeautyDeals/comments/1h8z4vc/dot_key_4_facewash_for_242_with_a_free_mini_serum/,"Amazing Deal!

Get Dot &amp; Key 4 Facewash for ₹242 with a FREE mini Serum!

Shop now: https://www.dotandkey.com/collections/face-wash

Here's how:

1. Add any 3 facewashes of 100ml from the link.
2. Add the Watermelon facewash last.
3. Apply coupon code: SANGYA10

Pay ₹242 via prepaid or opt for COD with a small extra charge!

Hurry! Grab this awesome deal!",[post author],"Amazing Deal!

Get Dot &amp; Key 4 Facewash for ₹242 with a FREE mini Serum!

Shop now: https://www.dotandkey.com/collections/face-wash

Here's how:

1. Add any 3 facewashes of 100ml from the link.
2. Add the Watermelon facewash last.
3. Apply coupon code: SANGYA10

Pay ₹242 via prepaid or opt for COD with a small extra charge!

Hurry! Grab this awesome deal!",29,2026-02-24 22:47:51
Dot & Key 12% Barrier Boost Serum Ceramides Niacinamide,IndianBeautyDeals,Dot and Key Ceramide Moisturiser? ,https://www.reddit.com/r/IndianBeautyDeals/comments/1f72ahl/dot_and_key_ceramide_moisturiser/,Where can I get the Dot and Key ceramide moisturiser for the cheapest?,[post author],Where can I get the Dot and Key ceramide moisturiser for the cheapest?,2,2026-02-24 22:47:51
Dot & Key 2% Salicylic Acid Cica Anti Acne Serum Zinc,IndianSkincareAddicts,"Dot and key 2% salicylic acid, cica and cactus skin clearing serum",https://www.reddit.com/r/IndianSkincareAddicts/comments/1e9020g/dot_and_key_2_salicylic_acid_cica_and_cactus_skin/,"About me: early 20s/F/OILY ACNE PRONE SKIN/humid city. Redness prone sensitive skin that usually reacts negatively to larger quantities of niacinamide and hyaluronic acid (basically when these ingredients are among the top 10 ingredients of any formulation) 

My routine: 
Day- La Roche Posay (LRP) Effaclar Purifying Cleansing Gel, Avene Thermal Water, Caudalie Vinoperfect Radiance Serum. (If going out then LRP Anthelios Tinted Sunscreen SPF 50 with Peripera Primer Powder) 
Night- LRP Effaclar Purifying Cleansing Gel. Serums/treatments - 2 nights just Avene Thermal Water, 3-4 nights Caudalie Vinoperfect Serum and 1-2 nights Dot and Key Salicylic Serum. 
LRP Cicaplast Baume if additional moisture/calming needed. 
PS: Ordinary Glycolic acid (once in two weeks or a month) 

Serum consistency
Transparent, sticky, can foam up a little on rubbing into the skin gently. 

Smell
Fragrance free, may have an ingredient smell. 

Absorption
Quick absorption after washing one's face and/or if a light water based toner is used. 

Hydration 
Not hydrating enough, its better to apply a thin layer of moisturizer/balm over this. But it can be used by all skin types due to how light it is. 

After appl",[post author],"About me: early 20s/F/OILY ACNE PRONE SKIN/humid city. Redness prone sensitive skin that usually reacts negatively to larger quantities of niacinamide and hyaluronic acid (basically when these ingredients are among the top 10 ingredients of any formulation) 

My routine: 
Day- La Roche Posay (LRP) Effaclar Purifying Cleansing Gel, Avene Thermal Water, Caudalie Vinoperfect Radiance Serum. (If going out then LRP Anthelios Tinted Sunscreen SPF 50 with Peripera Primer Powder) 
Night- LRP Effaclar Purifying Cleansing Gel. Serums/treatments - 2 nights just Avene Thermal Water, 3-4 nights Caudalie Vinoperfect Serum and 1-2 nights Dot and Key Salicylic Serum. 
LRP Cicaplast Baume if additional moisture/calming needed. 
PS: Ordinary Glycolic acid (once in two weeks or a month) 

Serum consistency
Transparent, sticky, can foam up a little on rubbing into the skin gently. 

Smell
Fragrance free, may have an ingredient smell. 

Absorption
Quick absorption after washing one's face and/or if a light water based toner is used. 

Hydration 
Not hydrating enough, its better to apply a thin layer of moisturizer/balm over this. But it can be used by all skin types due to how light it is. 

After appl",13,2026-02-24 22:48:29
Dot & Key 2% Salicylic Acid Cica Anti Acne Serum Zinc,IndianSkincareAddicts,Review and comparison of Dot &amp; Key Cica+2% Salicylic Serum and Cica+2% Salicylic Spot Correction Gel for Oily-Combo Skin,https://www.reddit.com/r/IndianSkincareAddicts/comments/17nnsgd/review_and_comparison_of_dot_key_cica2_salicylic/,"&amp;#x200B;

**About me**: Mid 20s F

**Skin type:** Oily combination (oily t-zone, normal skin everywhere else)

**General skin concerns:** blackheads+ sebaceous filaments on nose and chin, couple of faint PIH from past acne, occasional acne during periods week or if I'm stressed out

**Routine:**

*AM:*

1. Wash face with water or if I feel greasy in the morning, wash with Minimalist oat cleanser
2. Minimalist 3% PHA toner
3. SNP Prep Peptaronic Toner
4. If I'm going outside, Minimalist SPF 50 Sunscreen, if I'm working from home, Dot &amp; Key watermelon cooling sunscreen or no sunscreen if I keep my curtains closed
5. If I'm not going outside, Dot &amp; Key Cica+2% Salicylic Serum or Cica+2% Salicylic Spot Correction Gel as spot treatment on active acne

*PM:*

1. Garnier micellar water (to remove makeup or sunscreen)
2. Wash face with Minimalist oat cleanser, or Minimalist 2% salicylic acid cleanser (on alternate days)
3. Isntree 0.9% chestnut BHA toner (if I have not used the salicylic acid cleanser on that day)
4. Minimalist 3% PHA toner
5. SNP Prep Peptaronic Toner
6. Ponds super light gel moisturizer
7. Dot &amp; Key Cica+2% Salicylic Serum or Cica+2% Salicylic Spot Correc",[post author],"&amp;#x200B;

**About me**: Mid 20s F

**Skin type:** Oily combination (oily t-zone, normal skin everywhere else)

**General skin concerns:** blackheads+ sebaceous filaments on nose and chin, couple of faint PIH from past acne, occasional acne during periods week or if I'm stressed out

**Routine:**

*AM:*

1. Wash face with water or if I feel greasy in the morning, wash with Minimalist oat cleanser
2. Minimalist 3% PHA toner
3. SNP Prep Peptaronic Toner
4. If I'm going outside, Minimalist SPF 50 Sunscreen, if I'm working from home, Dot &amp; Key watermelon cooling sunscreen or no sunscreen if I keep my curtains closed
5. If I'm not going outside, Dot &amp; Key Cica+2% Salicylic Serum or Cica+2% Salicylic Spot Correction Gel as spot treatment on active acne

*PM:*

1. Garnier micellar water (to remove makeup or sunscreen)
2. Wash face with Minimalist oat cleanser, or Minimalist 2% salicylic acid cleanser (on alternate days)
3. Isntree 0.9% chestnut BHA toner (if I have not used the salicylic acid cleanser on that day)
4. Minimalist 3% PHA toner
5. SNP Prep Peptaronic Toner
6. Ponds super light gel moisturizer
7. Dot &amp; Key Cica+2% Salicylic Serum or Cica+2% Salicylic Spot Correc",52,2026-02-24 22:48:29
Dot & Key 2% Salicylic Acid Cica Anti Acne Serum Zinc,IndianSkincareAddicts,List of fungal-safe products [2022],https://www.reddit.com/r/IndianSkincareAddicts/comments/xyrgx8/list_of_fungalsafe_products_2022/,"⚠️ **DISCLAIMER:** Since making this post, I've learned some new information that has changed my perception and usage of the term ""fungal-safe"". I've shared about this at length in my post [""Fungal-safe"" skincare: unscientific BS?](https://reddit.com/r/IndianSkincareAddicts/s/IxvbUdN1jv) The TLDR of that post: there is no scientific proof showing that the ingredients excluded as not ""fungal-safe""  actually cause problems for those with malassezia-related conditions. The concept of ""fungal-safe"" is something created purely based on the personal experiences of people on the internet. It is 100% anecdotal. I will no longer be perpetuating the concept of ""fungal-safe"" skincare, and all previous or future posts by me should not be considered advice, but merely recountings of my personal experience. **These are simply techniques and product choices that have worked for me, personally.**

♦️♦️♦️♦️♦️

It's been over a year since I first made a list of fungal-safe products, for anyone dealing with malassezia follicutlitis (fungal acne), seb derm (seborrheic dermatitis) or similar conditions. Since then, more products have come on the market, reformulations have happened, I've used more prod",Remarkable-Ant360,"I have found some other fa safe moisturizers :- 

Aroma Treasures lightening pigmentation gel

Apieu madecassoside cream 2X

Bare body essentials hydraglow gel

Beplain cicaful calming gel

Bliscent Olive Squalane &amp; Cantaloupe Gel Moisturiser

Dot and key cica niacinamide night gel

Dr. Sheths vitamin e and ginseng cream

Dr. Sheths hibiscus and niacinamide lotion

Dr. Sheths vitamin c oil free moisturizer (has coconut alkanes)

Earth rhythm cica gel

Earth rhythm phyto gel

Goodal houttuynia cordata calming moisture cream

Haruharu wonder honey green aqua bomb cream

Ilana clarifying and calming night gel

Innisfree jeju cherry blossom jelly cream

Innisfree jeju orchid enriched cream

Innisfree green tea sleeping mask

Iunik centella calming gel cream

Joy revivify hydroboost lightweight day cream spf 15

Joy revivify hydra renew regenerate night cream (has milk lipids)

Lacuna light daily protect gel moisturizer

Moduseb moist oil free moisturizer

Nykaa SKINRX Hyaluronic Acid Hydra-X Night Moisturizer For Oily Skin

Pilgrim oil free gel moisturizer

Rovectin skin essentials cica care sleeping pack

Suganda centella green tea gel

Quench Botanics matcha better anti shine moisturizer ( According to Nykaa's ingredients list, it is fa safe, but according to tata cliq's ingredients list, it's not, I am unable to open their own website, so Idk which one is correct)

Skinfood Lettuce &amp; Cucumber Watery Cream

Thank You Farmer True Water Light Gel Cream

Truekind manjistha and saffron moisture gel

Truekind bio exfoliant brightening sleeping mask

Truekind acne calming herb rescue mask",10,2026-02-24 22:48:29
Dot & Key 2% Salicylic Acid Cica Anti Acne Serum Zinc,IndianBeautyDeals,Dot &amp; Key 4 Facewash for ₹242 with a FREE mini Serum! ,https://www.reddit.com/r/IndianBeautyDeals/comments/1h8z4vc/dot_key_4_facewash_for_242_with_a_free_mini_serum/,"Amazing Deal!

Get Dot &amp; Key 4 Facewash for ₹242 with a FREE mini Serum!

Shop now: https://www.dotandkey.com/collections/face-wash

Here's how:

1. Add any 3 facewashes of 100ml from the link.
2. Add the Watermelon facewash last.
3. Apply coupon code: SANGYA10

Pay ₹242 via prepaid or opt for COD with a small extra charge!

Hurry! Grab this awesome deal!",[post author],"Amazing Deal!

Get Dot &amp; Key 4 Facewash for ₹242 with a FREE mini Serum!

Shop now: https://www.dotandkey.com/collections/face-wash

Here's how:

1. Add any 3 facewashes of 100ml from the link.
2. Add the Watermelon facewash last.
3. Apply coupon code: SANGYA10

Pay ₹242 via prepaid or opt for COD with a small extra charge!

Hurry! Grab this awesome deal!",30,2026-02-24 22:48:29
Dot & Key 20% Vitamin C Serum,IndianSkincareAddicts,New Product by dot &amp; key - 20% LAA Vitamin C serum,https://www.reddit.com/r/IndianSkincareAddicts/comments/u7sxtn/new_product_by_dot_key_20_laa_vitamin_c_serum/,"Didn't see any post here for this like I usually do for interesting new products so I thought of posting this here.
Dot &amp; Key has launched a 20% Vitamin C serum which is in a freshly pressed style format since it's LAA. 

[here's the link if you want to check it out](https://www.dotandkey.com/products/dot-key-20-vitamin-c-freshly-made-face-serum?utm_source=google&amp;utm_campaign=12423217808&amp;utm_medium=ad&amp;utm_content=501168714374&amp;utm_term=&amp;gclid=CjwKCAjwu_mSBhAYEiwA5BBmf4lJhEWn88buHFPEB9fXiqnS2-_0zZRuLl_yXZ13OemJtbQmrW-wQhoChUYQAvD_BwE)

It's got the powder and serum base separate so you have to mix it when you get the kit so that it stays fresh and isn't oxidised before it even gets to you. Something new I guess.

The price is 665 for 25ml which I guess it's okay compared to other LAA Based vitamin C products. It's decent to buy on a sale or with a good coupon maybe?

It's also fragrance free which I think dot &amp; key has been doing with most of their recent launches. 

Here's the full ingredients list - 
Liquid Serum Base

Ingredients: Water, Propylene Carbonate, Propylene Glycol, Ferulic Acid, Arginine, Silanetriol (and) Hyaluronic Acid, Citrus Sinensis (Bl",[post author],"Didn't see any post here for this like I usually do for interesting new products so I thought of posting this here.
Dot &amp; Key has launched a 20% Vitamin C serum which is in a freshly pressed style format since it's LAA. 

[here's the link if you want to check it out](https://www.dotandkey.com/products/dot-key-20-vitamin-c-freshly-made-face-serum?utm_source=google&amp;utm_campaign=12423217808&amp;utm_medium=ad&amp;utm_content=501168714374&amp;utm_term=&amp;gclid=CjwKCAjwu_mSBhAYEiwA5BBmf4lJhEWn88buHFPEB9fXiqnS2-_0zZRuLl_yXZ13OemJtbQmrW-wQhoChUYQAvD_BwE)

It's got the powder and serum base separate so you have to mix it when you get the kit so that it stays fresh and isn't oxidised before it even gets to you. Something new I guess.

The price is 665 for 25ml which I guess it's okay compared to other LAA Based vitamin C products. It's decent to buy on a sale or with a good coupon maybe?

It's also fragrance free which I think dot &amp; key has been doing with most of their recent launches. 

Here's the full ingredients list - 
Liquid Serum Base

Ingredients: Water, Propylene Carbonate, Propylene Glycol, Ferulic Acid, Arginine, Silanetriol (and) Hyaluronic Acid, Citrus Sinensis (Bl",18,2026-02-24 22:49:07
Dot & Key 20% Vitamin C Serum,IndianSkincareAddicts,List of fungal-safe products [2022],https://www.reddit.com/r/IndianSkincareAddicts/comments/xyrgx8/list_of_fungalsafe_products_2022/,"⚠️ **DISCLAIMER:** Since making this post, I've learned some new information that has changed my perception and usage of the term ""fungal-safe"". I've shared about this at length in my post [""Fungal-safe"" skincare: unscientific BS?](https://reddit.com/r/IndianSkincareAddicts/s/IxvbUdN1jv) The TLDR of that post: there is no scientific proof showing that the ingredients excluded as not ""fungal-safe""  actually cause problems for those with malassezia-related conditions. The concept of ""fungal-safe"" is something created purely based on the personal experiences of people on the internet. It is 100% anecdotal. I will no longer be perpetuating the concept of ""fungal-safe"" skincare, and all previous or future posts by me should not be considered advice, but merely recountings of my personal experience. **These are simply techniques and product choices that have worked for me, personally.**

♦️♦️♦️♦️♦️

It's been over a year since I first made a list of fungal-safe products, for anyone dealing with malassezia follicutlitis (fungal acne), seb derm (seborrheic dermatitis) or similar conditions. Since then, more products have come on the market, reformulations have happened, I've used more prod",Remarkable-Ant360,"I have found some other fa safe moisturizers :- 

Aroma Treasures lightening pigmentation gel

Apieu madecassoside cream 2X

Bare body essentials hydraglow gel

Beplain cicaful calming gel

Bliscent Olive Squalane &amp; Cantaloupe Gel Moisturiser

Dot and key cica niacinamide night gel

Dr. Sheths vitamin e and ginseng cream

Dr. Sheths hibiscus and niacinamide lotion

Dr. Sheths vitamin c oil free moisturizer (has coconut alkanes)

Earth rhythm cica gel

Earth rhythm phyto gel

Goodal houttuynia cordata calming moisture cream

Haruharu wonder honey green aqua bomb cream

Ilana clarifying and calming night gel

Innisfree jeju cherry blossom jelly cream

Innisfree jeju orchid enriched cream

Innisfree green tea sleeping mask

Iunik centella calming gel cream

Joy revivify hydroboost lightweight day cream spf 15

Joy revivify hydra renew regenerate night cream (has milk lipids)

Lacuna light daily protect gel moisturizer

Moduseb moist oil free moisturizer

Nykaa SKINRX Hyaluronic Acid Hydra-X Night Moisturizer For Oily Skin

Pilgrim oil free gel moisturizer

Rovectin skin essentials cica care sleeping pack

Suganda centella green tea gel

Quench Botanics matcha better anti shine moisturizer ( According to Nykaa's ingredients list, it is fa safe, but according to tata cliq's ingredients list, it's not, I am unable to open their own website, so Idk which one is correct)

Skinfood Lettuce &amp; Cucumber Watery Cream

Thank You Farmer True Water Light Gel Cream

Truekind manjistha and saffron moisture gel

Truekind bio exfoliant brightening sleeping mask

Truekind acne calming herb rescue mask",9,2026-02-24 22:49:07
Dot & Key 20% Vitamin C Serum,IndianSkincareAddicts,COSRX AHA 7 Whitehead Power Liquid Review | Dry (and dehydrated + congestion-prone) Skin,https://www.reddit.com/r/IndianSkincareAddicts/comments/11r7kwy/cosrx_aha_7_whitehead_power_liquid_review_dry_and/,"I've been using this since \~July 2021 and was a beginner to exfoliation at that time. [An image of the product](https://cdn.shopify.com/s/files/1/0513/3775/6828/products/aha7_01_720x.jpg?v=1651224789)

&amp;#x200B;

* **Skin type:** I had dry skin at the time I started using it in 2021. Right now, I have discovered I have dry and dehydrated skin (from around 4 months or so back) that is prone to congestion. So I have used them under both skin conditions. So **dry, dehydrated and congestion-prone skin**.

&amp;#x200B;

* **Skin issues:** I didn't have any *issues* per se. I knew I wanted to start exfoliation and chose this product. That said, looking back at old selfies I can definitely see this minute texture on my skin, especially my forehead! So **textured skin, uneven skin tone**.

&amp;#x200B;

* **Climatic conditions under which the product was tested: Hot and humid**. Always. All year round because I live in a city next to a beach in Tamil Nadu.

&amp;#x200B;

* **Current AM/PM routine:**  
Obviously, I've had numerous changes to my routine since 2021 so I will just put down my current skincare routine for my dry and dehydrated and congestion-prone skin! I tend to double cle",[post author],"I've been using this since \~July 2021 and was a beginner to exfoliation at that time. [An image of the product](https://cdn.shopify.com/s/files/1/0513/3775/6828/products/aha7_01_720x.jpg?v=1651224789)

&amp;#x200B;

* **Skin type:** I had dry skin at the time I started using it in 2021. Right now, I have discovered I have dry and dehydrated skin (from around 4 months or so back) that is prone to congestion. So I have used them under both skin conditions. So **dry, dehydrated and congestion-prone skin**.

&amp;#x200B;

* **Skin issues:** I didn't have any *issues* per se. I knew I wanted to start exfoliation and chose this product. That said, looking back at old selfies I can definitely see this minute texture on my skin, especially my forehead! So **textured skin, uneven skin tone**.

&amp;#x200B;

* **Climatic conditions under which the product was tested: Hot and humid**. Always. All year round because I live in a city next to a beach in Tamil Nadu.

&amp;#x200B;

* **Current AM/PM routine:**  
Obviously, I've had numerous changes to my routine since 2021 so I will just put down my current skincare routine for my dry and dehydrated and congestion-prone skin! I tend to double cle",46,2026-02-24 22:49:07
Dot & Key 20% Vitamin C Serum,IndianBeautyDeals,Dot &amp; Key 4 Facewash for ₹242 with a FREE mini Serum! ,https://www.reddit.com/r/IndianBeautyDeals/comments/1h8z4vc/dot_key_4_facewash_for_242_with_a_free_mini_serum/,"Amazing Deal!

Get Dot &amp; Key 4 Facewash for ₹242 with a FREE mini Serum!

Shop now: https://www.dotandkey.com/collections/face-wash

Here's how:

1. Add any 3 facewashes of 100ml from the link.
2. Add the Watermelon facewash last.
3. Apply coupon code: SANGYA10

Pay ₹242 via prepaid or opt for COD with a small extra charge!

Hurry! Grab this awesome deal!",[post author],"Amazing Deal!

Get Dot &amp; Key 4 Facewash for ₹242 with a FREE mini Serum!

Shop now: https://www.dotandkey.com/collections/face-wash

Here's how:

1. Add any 3 facewashes of 100ml from the link.
2. Add the Watermelon facewash last.
3. Apply coupon code: SANGYA10

Pay ₹242 via prepaid or opt for COD with a small extra charge!

Hurry! Grab this awesome deal!",29,2026-02-24 22:49:07
Dot & Key 5% AHA Toner Skin Clarifying Exfoliant,IndianSkincareAddicts,List of fungal-safe products [2022],https://www.reddit.com/r/IndianSkincareAddicts/comments/xyrgx8/list_of_fungalsafe_products_2022/,"⚠️ **DISCLAIMER:** Since making this post, I've learned some new information that has changed my perception and usage of the term ""fungal-safe"". I've shared about this at length in my post [""Fungal-safe"" skincare: unscientific BS?](https://reddit.com/r/IndianSkincareAddicts/s/IxvbUdN1jv) The TLDR of that post: there is no scientific proof showing that the ingredients excluded as not ""fungal-safe""  actually cause problems for those with malassezia-related conditions. The concept of ""fungal-safe"" is something created purely based on the personal experiences of people on the internet. It is 100% anecdotal. I will no longer be perpetuating the concept of ""fungal-safe"" skincare, and all previous or future posts by me should not be considered advice, but merely recountings of my personal experience. **These are simply techniques and product choices that have worked for me, personally.**

♦️♦️♦️♦️♦️

It's been over a year since I first made a list of fungal-safe products, for anyone dealing with malassezia follicutlitis (fungal acne), seb derm (seborrheic dermatitis) or similar conditions. Since then, more products have come on the market, reformulations have happened, I've used more prod",Remarkable-Ant360,"I have found some other fa safe moisturizers :- 

Aroma Treasures lightening pigmentation gel

Apieu madecassoside cream 2X

Bare body essentials hydraglow gel

Beplain cicaful calming gel

Bliscent Olive Squalane &amp; Cantaloupe Gel Moisturiser

Dot and key cica niacinamide night gel

Dr. Sheths vitamin e and ginseng cream

Dr. Sheths hibiscus and niacinamide lotion

Dr. Sheths vitamin c oil free moisturizer (has coconut alkanes)

Earth rhythm cica gel

Earth rhythm phyto gel

Goodal houttuynia cordata calming moisture cream

Haruharu wonder honey green aqua bomb cream

Ilana clarifying and calming night gel

Innisfree jeju cherry blossom jelly cream

Innisfree jeju orchid enriched cream

Innisfree green tea sleeping mask

Iunik centella calming gel cream

Joy revivify hydroboost lightweight day cream spf 15

Joy revivify hydra renew regenerate night cream (has milk lipids)

Lacuna light daily protect gel moisturizer

Moduseb moist oil free moisturizer

Nykaa SKINRX Hyaluronic Acid Hydra-X Night Moisturizer For Oily Skin

Pilgrim oil free gel moisturizer

Rovectin skin essentials cica care sleeping pack

Suganda centella green tea gel

Quench Botanics matcha better anti shine moisturizer ( According to Nykaa's ingredients list, it is fa safe, but according to tata cliq's ingredients list, it's not, I am unable to open their own website, so Idk which one is correct)

Skinfood Lettuce &amp; Cucumber Watery Cream

Thank You Farmer True Water Light Gel Cream

Truekind manjistha and saffron moisture gel

Truekind bio exfoliant brightening sleeping mask

Truekind acne calming herb rescue mask",10,2026-02-24 22:49:42
Dot & Key 5% AHA Toner Skin Clarifying Exfoliant,IndianBeautyDeals,B2G2 Dot and key. I want 2 buy their green tea toner only. But any other recommendations if u've tried,https://www.reddit.com/r/IndianBeautyDeals/comments/y152g9/b2g2_dot_and_key_i_want_2_buy_their_green_tea/,,kru1233567,"DO NOT TRY DOT AND KEY
I have tried their retinol ceramide cream
Vitamin c cream, watermelon toner. 
Toner gave me 2 pimples after one day
Other 2 are useless",3,2026-02-24 22:49:42
Dot & Key 5% AHA Toner Skin Clarifying Exfoliant,IndianBeautyDeals,B2G2 Dot and key. I want 2 buy their green tea toner only. But any other recommendations if u've tried,https://www.reddit.com/r/IndianBeautyDeals/comments/y152g9/b2g2_dot_and_key_i_want_2_buy_their_green_tea/,,Distinct-One4006,Damn. I'm getting some negative reviews on dot n key. Thank u so much for the info. I'm starting to think D&amp;K are not so suitable for me,1,2026-02-24 22:49:42
Dot & Key 5% AHA Toner Skin Clarifying Exfoliant,IndianBeautyDeals,Dot and Key hydrating toner bought from Myntra,https://www.reddit.com/r/IndianBeautyDeals/comments/14lkphc/dot_and_key_hydrating_toner_bought_from_myntra/,"The product has such a horrible smell, like digestive syrup gelusil or some medical ward. And although it wears off in 10 15 seconds but its too weird till then. 

I bought the items from their EoRS sale so I’m not sure if its legit. Been hearing a lot of stuff against Myntra beauty item quality. Do any of you have it and is it the same case with you??? Expiry of the item is 2024",gratitudeandpeas,Text or Mail dot and key and ask if myntra is a official reseller. Also mention the smell,1,2026-02-24 22:49:42
Dot & Key 5% AHA Toner Skin Clarifying Exfoliant,IndianBeautyDeals,Dot and Key hydrating toner bought from Myntra,https://www.reddit.com/r/IndianBeautyDeals/comments/14lkphc/dot_and_key_hydrating_toner_bought_from_myntra/,"The product has such a horrible smell, like digestive syrup gelusil or some medical ward. And although it wears off in 10 15 seconds but its too weird till then. 

I bought the items from their EoRS sale so I’m not sure if its legit. Been hearing a lot of stuff against Myntra beauty item quality. Do any of you have it and is it the same case with you??? Expiry of the item is 2024",HelpfulConcentrate92,Dot and key is a shady brand imo. Read more about it on r/Indianskincareaddicts,1,2026-02-24 22:49:42
Dot & Key 72 Hour Hydrating Gel Probiotics,IndianBeautyDeals,Best offer i can get on Dot n Key 72hr gel?,https://www.reddit.com/r/IndianBeautyDeals/comments/1g6aym4/best_offer_i_can_get_on_dot_n_key_72hr_gel/,,Ridi_06,"Hi I have 2 new dot and key products, moisturizer and face mask for good discount, please see if you require the same",0,2026-02-24 22:50:19
Dot & Key 72 Hour Hydrating Gel Probiotics,IndianBeautyDeals,Dot and Key hydrating toner bought from Myntra,https://www.reddit.com/r/IndianBeautyDeals/comments/14lkphc/dot_and_key_hydrating_toner_bought_from_myntra/,"The product has such a horrible smell, like digestive syrup gelusil or some medical ward. And although it wears off in 10 15 seconds but its too weird till then. 

I bought the items from their EoRS sale so I’m not sure if its legit. Been hearing a lot of stuff against Myntra beauty item quality. Do any of you have it and is it the same case with you??? Expiry of the item is 2024",gratitudeandpeas,Text or Mail dot and key and ask if myntra is a official reseller. Also mention the smell,1,2026-02-24 22:50:19
Dot & Key 72 Hour Hydrating Gel Probiotics,IndianBeautyDeals,Dot and Key hydrating toner bought from Myntra,https://www.reddit.com/r/IndianBeautyDeals/comments/14lkphc/dot_and_key_hydrating_toner_bought_from_myntra/,"The product has such a horrible smell, like digestive syrup gelusil or some medical ward. And although it wears off in 10 15 seconds but its too weird till then. 

I bought the items from their EoRS sale so I’m not sure if its legit. Been hearing a lot of stuff against Myntra beauty item quality. Do any of you have it and is it the same case with you??? Expiry of the item is 2024",HelpfulConcentrate92,Dot and key is a shady brand imo. Read more about it on r/Indianskincareaddicts,1,2026-02-24 22:50:19
Dot & Key 72hr Hydrating Lightweight Gel Moisturizer,IndianSkincareAddicts,Request for recommendation- Isntree hyaluronic acid toner vs BOJ Ginseng Essence Water vs Klairs supple preparation unscented toner ,https://www.reddit.com/r/IndianSkincareAddicts/comments/1fm7x6z/request_for_recommendation_isntree_hyaluronic/,"Hi Guys
I am looking for a recommendation for my skin because of sudden appearance of wrinkles (past 2-3 months) around my mouth and nose region. I think they might have been caused by dehydration as I was not taking care of my skin at that time and usually don't go out in the sun. I don't want to go to the dermatologist because one suggested botox for the same and I want to go for non-invasive solutions.
Any other products besides the one stated are welcome as well. 

Age: 31 F
Skin type: oily, acne prone and sensitive

Routine:
AM:
Dot and key Watermelon + Vitamin C face wash
Klairs supple preparation unscented toner 
The Ordinary 10% Niacinamide serum 
Dot and key 72HR Hydrating Lightweight Gel Moisturizer (I sometimes avoid this as my skin is oily) 
Re'equil Ultra Matte Dry Touch Sunscreen (whenever I go out, which is rare)

PM:
Dot and key Watermelon + Vitamin C face wash
Tretonin 0.025% cream (alternate days)
Re'equil Ceramide &amp; Hyaluronic Acid Moisturiser

Once a week: Minimalist 10% AHA BHA peel 

Other than this, I also take vit D3, collagen and Omega 3 supplements.",[post author],"Hi Guys
I am looking for a recommendation for my skin because of sudden appearance of wrinkles (past 2-3 months) around my mouth and nose region. I think they might have been caused by dehydration as I was not taking care of my skin at that time and usually don't go out in the sun. I don't want to go to the dermatologist because one suggested botox for the same and I want to go for non-invasive solutions.
Any other products besides the one stated are welcome as well. 

Age: 31 F
Skin type: oily, acne prone and sensitive

Routine:
AM:
Dot and key Watermelon + Vitamin C face wash
Klairs supple preparation unscented toner 
The Ordinary 10% Niacinamide serum 
Dot and key 72HR Hydrating Lightweight Gel Moisturizer (I sometimes avoid this as my skin is oily) 
Re'equil Ultra Matte Dry Touch Sunscreen (whenever I go out, which is rare)

PM:
Dot and key Watermelon + Vitamin C face wash
Tretonin 0.025% cream (alternate days)
Re'equil Ceramide &amp; Hyaluronic Acid Moisturiser

Once a week: Minimalist 10% AHA BHA peel 

Other than this, I also take vit D3, collagen and Omega 3 supplements.",4,2026-02-24 22:50:48
Dot & Key 72hr Hydrating Lightweight Gel Moisturizer,IndianSkincareAddicts,17 (F) skincare routine made my hands flaky and dry,https://www.reddit.com/r/IndianSkincareAddicts/comments/1f0ynax/17_f_skincare_routine_made_my_hands_flaky_and_dry/,"Hey there i just wanted some opinion on my skin care routine so previously i was using skincare but it just made more small pimples on my cheeks so i stopped it but now after a 4 months break i started using step by step skincare again

1 : dot and key facewash (watermelon with vitamin c and cucumber)
2 : deconstruct niacinamide brightening face wash
3 : plum niacinamide rice toner
4 : dot and key hyaluronic moisturizer 
 And 
5: dot and key sunscreen( watermelon variant) when i go out

One side of my face is really dry and flaky when i apply the moisturizer it makes it hydrated but after a while its same again

And i noticed the palms of my hands r flaking i dont know it the reason is the skincare im using cause it never happened before and i apply my skincare with hands its as if my palms skin is peeling  its been a week of using this routine and again new pimples are popping up but i saw an article that i should continue the routine as it takes time for the skin to adjust to the routine


PLEASE HELP",[post author],"Hey there i just wanted some opinion on my skin care routine so previously i was using skincare but it just made more small pimples on my cheeks so i stopped it but now after a 4 months break i started using step by step skincare again

1 : dot and key facewash (watermelon with vitamin c and cucumber)
2 : deconstruct niacinamide brightening face wash
3 : plum niacinamide rice toner
4 : dot and key hyaluronic moisturizer 
 And 
5: dot and key sunscreen( watermelon variant) when i go out

One side of my face is really dry and flaky when i apply the moisturizer it makes it hydrated but after a while its same again

And i noticed the palms of my hands r flaking i dont know it the reason is the skincare im using cause it never happened before and i apply my skincare with hands its as if my palms skin is peeling  its been a week of using this routine and again new pimples are popping up but i saw an article that i should continue the routine as it takes time for the skin to adjust to the routine


PLEASE HELP",4,2026-02-24 22:50:48
Dot & Key 72hr Hydrating Lightweight Gel Moisturizer,IndianSkincareAddicts,Dot and key vs Emolene vs Minimalist moisturizer,https://www.reddit.com/r/IndianSkincareAddicts/comments/1r249o1/dot_and_key_vs_emolene_vs_minimalist_moisturizer/,"Guys, which one among these moisturizers are best according to your experience?",OrangeGiggless,Hate the dot and key moisturiser. Says fragrance free but has this weird medicated smell,8,2026-02-24 22:50:48
Dot & Key 72hr Hydrating Lightweight Gel Moisturizer,IndianSkincareAddicts,Dot and key vs Emolene vs Minimalist moisturizer,https://www.reddit.com/r/IndianSkincareAddicts/comments/1r249o1/dot_and_key_vs_emolene_vs_minimalist_moisturizer/,"Guys, which one among these moisturizers are best according to your experience?",twiddledo_o,Lovedddddddd the dot and key. It was so so so good.,2,2026-02-24 22:50:48
Dot & Key 72hr Hydrating Lightweight Gel Moisturizer,IndianSkincareAddicts,Dot and key vs Emolene vs Minimalist moisturizer,https://www.reddit.com/r/IndianSkincareAddicts/comments/1r249o1/dot_and_key_vs_emolene_vs_minimalist_moisturizer/,"Guys, which one among these moisturizers are best according to your experience?",RodrickJasperHeffley,not these but from these brands the best are minimalist 0.3 cermides and dot an key 72 hr gel,1,2026-02-24 22:50:48
Dot & Key 72hr Hydrating Lightweight Gel Moisturizer,IndianSkincareAddicts,Dot and key vs Emolene vs Minimalist moisturizer,https://www.reddit.com/r/IndianSkincareAddicts/comments/1r249o1/dot_and_key_vs_emolene_vs_minimalist_moisturizer/,"Guys, which one among these moisturizers are best according to your experience?",blameitonv,"I use dot and key. It works kinda okay for my skin, hasn't broken me out yet and moisturizes pretty well; most people don't like it though. It does have a weird rice smell, I'm guessing it's because there's no additional fragrance to mask the ingredient.",1,2026-02-24 22:50:48
Dot & Key 72hr Hydrating Lightweight Gel Moisturizer,IndianSkincareAddicts,Dot and key vs Emolene vs Minimalist moisturizer,https://www.reddit.com/r/IndianSkincareAddicts/comments/1r249o1/dot_and_key_vs_emolene_vs_minimalist_moisturizer/,"Guys, which one among these moisturizers are best according to your experience?",Designer-Lab-5715,Don't buy the dot and key it gave me closed comedones,1,2026-02-24 22:50:48
Dot & Key 72hr Hydrating Lightweight Gel Moisturizer,IndianBeautyDeals,Is this worth it ,https://www.reddit.com/r/IndianBeautyDeals/comments/1eybe43/is_this_worth_it/,How is this deal.... I have dry skin and I'm trying dot and key for the first time... Any suggestions or reviews are welcome 🥰,[post author],How is this deal.... I have dry skin and I'm trying dot and key for the first time... Any suggestions or reviews are welcome 🥰,7,2026-02-24 22:50:48
Dot & Key AHA BHA Hydro Peel Exfoliating Serum,IndianSkincareAddicts,Dot and key hydro peel glow,https://www.reddit.com/r/IndianSkincareAddicts/comments/iyipwx/dot_and_key_hydro_peel_glow/,"Hi! I just stumbled upon this sub. I want to ask you guys about Dot and Keys's hydro peel. The reviews on Nykaa are pretty good and I actually came across photos of someone who suffered from severe pigmentation (my main concern) and god rid of most of it.

[Scroll down to find the review here](https://www.nykaa.com/dot-key-hydro-peel-glow-potion-10-aha-2-bha-exfoliating-serum/reviews/751418?skuId=751418)

Going by the comments about the brand here and Amazon I'm wondering if these reviews are real or fake. 

Your help and insights will be appreciated ❤️",[deleted],"I have used it a few times. I haven't use the TO's. 
I have used the dr Seth's as well which I believe even though gentle provides better result than dot and key. Dot and key literally sucks. I have used some of their products all of which broke me out. Later on I had to use them on my body.
They are full of fragrance and shit. ( cleansing oil is so fucking heavy, broke me out badly, left a greasy feeling, didn't even come off unless I was harsh enough) night moisturizer and sleeping pack both full of shit. So fragranced and irritating. 
Their underarm pack and serum literally did nothing. 
And this hydropeel glow whatever does nothing much for your skin either.


I would say just wait, be patient and buy from international websites. This lockdown has taught to never try indian products unless I see legit, honest reviews and results. 
Some Indian brands are still good but a lot of them tbh only sell fragranced shit in pretty packaging to loot all your money.",4,2026-02-24 22:51:22
Dot & Key AHA BHA Hydro Peel Exfoliating Serum,IndianSkincareAddicts,Dot and key hydro peel glow,https://www.reddit.com/r/IndianSkincareAddicts/comments/iyipwx/dot_and_key_hydro_peel_glow/,"Hi! I just stumbled upon this sub. I want to ask you guys about Dot and Keys's hydro peel. The reviews on Nykaa are pretty good and I actually came across photos of someone who suffered from severe pigmentation (my main concern) and god rid of most of it.

[Scroll down to find the review here](https://www.nykaa.com/dot-key-hydro-peel-glow-potion-10-aha-2-bha-exfoliating-serum/reviews/751418?skuId=751418)

Going by the comments about the brand here and Amazon I'm wondering if these reviews are real or fake. 

Your help and insights will be appreciated ❤️",snubbedmytoe,"Thanks for this! Dot and key is definitely cancelled fot me .
Will go for TO. I was looking at Tvakh's marine solution peel. But their customer service is so bad, the product hasn't reached me and theyre least bothered. So I'm kinda happy that I don't have it. If the customer service is so bad then I don't have much faith in the products.",2,2026-02-24 22:51:22
Dot & Key AHA BHA Hydro Peel Exfoliating Serum,IndianSkincareAddicts,[Oily – acne prone skin] Shelfie + Mini Review + thoughts,https://www.reddit.com/r/IndianSkincareAddicts/comments/180fmib/oily_acne_prone_skin_shelfie_mini_review_thoughts/,"***About me:***

I’m 22F with oily – acne prone skin, continuously switching between an extremely hot and humid climate and hot and dry climate because of University. I’ve only recently gotten into skincare about a year or so, and therefore haven’t been able to try out as many products as I would like but this routine more or less works for me. My skin is extremely sensitive to changes in climate and water and so the aim of having a skin care routine is not to maintain a healthy skin but rather control and calm my skin when it eventually breaks out when I keep doing back and forth between two vastly different climates. I also have extremely bad hormonal acne that starts a week before my periods and continues till the fourth day. And so, my routine is a cycle to get the skin back to normal before it breaks out again. My skin is not sensitive or allergic to anything in particular. 

With this, I’m SO SO excited to write this post!

[Cleansers](https://preview.redd.it/ip4fgu720p1c1.jpg?width=1526&amp;format=pjpg&amp;auto=webp&amp;s=ad94e5f38d02216a9cb589cf04895d9fe63fa124)

[Toner](https://preview.redd.it/nkknqow50p1c1.jpg?width=1200&amp;format=pjpg&amp;auto=webp&amp;s=da91471fa32670b",[post author],"***About me:***

I’m 22F with oily – acne prone skin, continuously switching between an extremely hot and humid climate and hot and dry climate because of University. I’ve only recently gotten into skincare about a year or so, and therefore haven’t been able to try out as many products as I would like but this routine more or less works for me. My skin is extremely sensitive to changes in climate and water and so the aim of having a skin care routine is not to maintain a healthy skin but rather control and calm my skin when it eventually breaks out when I keep doing back and forth between two vastly different climates. I also have extremely bad hormonal acne that starts a week before my periods and continues till the fourth day. And so, my routine is a cycle to get the skin back to normal before it breaks out again. My skin is not sensitive or allergic to anything in particular. 

With this, I’m SO SO excited to write this post!

[Cleansers](https://preview.redd.it/ip4fgu720p1c1.jpg?width=1526&amp;format=pjpg&amp;auto=webp&amp;s=ad94e5f38d02216a9cb589cf04895d9fe63fa124)

[Toner](https://preview.redd.it/nkknqow50p1c1.jpg?width=1200&amp;format=pjpg&amp;auto=webp&amp;s=da91471fa32670b",48,2026-02-24 22:51:22
Dot & Key AHA BHA Hydro Peel Exfoliating Serum,SkincareAddiction,"[Routine Help] Starting a routine for the first time, would appreciate your advice",https://www.reddit.com/r/SkincareAddiction/comments/nk3dty/routine_help_starting_a_routine_for_the_first/,"Hello, \[34F\] I am new here but have been lurking and reading up for about a month now and have been working towards figuring out my first routine. I would appreciate any product suggestions or advice regarding the same.   


**Skin Type:** Dry to Normal? (Not a 100% sure, was definitely combination-skin during teenage but it is mostly dry now based on the wash-your-face-test suggested in this sub). Additionally I have a bit of sensitivity to strong products and chemicals as I potentially lose my moisture barrier too easily.  


**Skin Concerns**: Hyperpigmentation near the edges of the lower lip, some residual acne spots on cheeks, fine laugh lines near eyes and mouth  


Routine:  


AM:  
Cleanser: Generic gentle face wash/ Biotique Face Wash ([Bio Papaya](https://www.biotique.com/bio-papaya-exfoliating-face-wash-200ml.html))   
Moisturizer: Klairs Freshly Juiced Vitamin E Face Mask (I use it as a moisturizer and it really suits my skin and keeps it hydrated)  
Sunscreen: Avene Day Protector SPF 30 PA +++ for Sensitive Skin  


PM:   
Cleanser  
Serum: Klairs Freshly Juiced Vitamin C Serum (L-Abscorbic Acid)  
Moisturizer: Klairs Freshly Juiced Vitamin E Face Mask  


I've test",[post author],"Hello, \[34F\] I am new here but have been lurking and reading up for about a month now and have been working towards figuring out my first routine. I would appreciate any product suggestions or advice regarding the same.   


**Skin Type:** Dry to Normal? (Not a 100% sure, was definitely combination-skin during teenage but it is mostly dry now based on the wash-your-face-test suggested in this sub). Additionally I have a bit of sensitivity to strong products and chemicals as I potentially lose my moisture barrier too easily.  


**Skin Concerns**: Hyperpigmentation near the edges of the lower lip, some residual acne spots on cheeks, fine laugh lines near eyes and mouth  


Routine:  


AM:  
Cleanser: Generic gentle face wash/ Biotique Face Wash ([Bio Papaya](https://www.biotique.com/bio-papaya-exfoliating-face-wash-200ml.html))   
Moisturizer: Klairs Freshly Juiced Vitamin E Face Mask (I use it as a moisturizer and it really suits my skin and keeps it hydrated)  
Sunscreen: Avene Day Protector SPF 30 PA +++ for Sensitive Skin  


PM:   
Cleanser  
Serum: Klairs Freshly Juiced Vitamin C Serum (L-Abscorbic Acid)  
Moisturizer: Klairs Freshly Juiced Vitamin E Face Mask  


I've test",2,2026-02-24 22:51:22
Dot & Key AHA BHA Hydro Peel Exfoliating Serum,IndianBeautyDeals,Dot n key serum on discount 60% and above,https://www.reddit.com/r/IndianBeautyDeals/comments/137ck67/dot_n_key_serum_on_discount_60_and_above/,"Deal of the day: Dot &amp; Key 10% AHA + 2% BHA Hydro Peel Glow Potion, 30ml, Exfoliating Serum with Glycolic, Lactic acids for skin glow, Paraben Free, AHA BHA Peeling Solution https://amzn.eu/d/2XoOkfu

Deal of the day: Dot &amp; Key Alpha Arbutin + Azelaic Biphasic Serum Radiance Concentrate, 20ml https://amzn.eu/d/61eoGqa

Deal of the day: Dot &amp; Key 10% Niacinamide Serum Ultimate Spot Corrector, 30ml, with 1% Zinc and Hyaluronic Acid, face serum for spotless skin (30) https://amzn.eu/d/7nmSgHj

Deal of the day: Dot &amp; Key Glow Accelerator 30% AHA + 2% BHA Peeling Solution, Face serum for visibly soft, smooth and glowing skin https://amzn.eu/d/d8sY7qH


Deal of the day: Dot &amp; Key Glow Elixir Radiance Enhancing Face Oil, 20ml | Face Oil for Glowing Skin | For All Skin Types https://amzn.eu/d/iYcoHmy


Deal of the day: Dot &amp; Key Acne Busting Face Serum 30ml, with zinc and salicylic for pimple and acne prone skin https://amzn.eu/d/7gHtgR6",[post author],"Deal of the day: Dot &amp; Key 10% AHA + 2% BHA Hydro Peel Glow Potion, 30ml, Exfoliating Serum with Glycolic, Lactic acids for skin glow, Paraben Free, AHA BHA Peeling Solution https://amzn.eu/d/2XoOkfu

Deal of the day: Dot &amp; Key Alpha Arbutin + Azelaic Biphasic Serum Radiance Concentrate, 20ml https://amzn.eu/d/61eoGqa

Deal of the day: Dot &amp; Key 10% Niacinamide Serum Ultimate Spot Corrector, 30ml, with 1% Zinc and Hyaluronic Acid, face serum for spotless skin (30) https://amzn.eu/d/7nmSgHj

Deal of the day: Dot &amp; Key Glow Accelerator 30% AHA + 2% BHA Peeling Solution, Face serum for visibly soft, smooth and glowing skin https://amzn.eu/d/d8sY7qH


Deal of the day: Dot &amp; Key Glow Elixir Radiance Enhancing Face Oil, 20ml | Face Oil for Glowing Skin | For All Skin Types https://amzn.eu/d/iYcoHmy


Deal of the day: Dot &amp; Key Acne Busting Face Serum 30ml, with zinc and salicylic for pimple and acne prone skin https://amzn.eu/d/7gHtgR6",5,2026-02-24 22:51:22
Dot & Key AHA BHA Hydro Peel Exfoliating Serum,IndianBeautyDeals,Dot &amp; Key 4 Facewash for ₹242 with a FREE mini Serum! ,https://www.reddit.com/r/IndianBeautyDeals/comments/1h8z4vc/dot_key_4_facewash_for_242_with_a_free_mini_serum/,"Amazing Deal!

Get Dot &amp; Key 4 Facewash for ₹242 with a FREE mini Serum!

Shop now: https://www.dotandkey.com/collections/face-wash

Here's how:

1. Add any 3 facewashes of 100ml from the link.
2. Add the Watermelon facewash last.
3. Apply coupon code: SANGYA10

Pay ₹242 via prepaid or opt for COD with a small extra charge!

Hurry! Grab this awesome deal!",[post author],"Amazing Deal!

Get Dot &amp; Key 4 Facewash for ₹242 with a FREE mini Serum!

Shop now: https://www.dotandkey.com/collections/face-wash

Here's how:

1. Add any 3 facewashes of 100ml from the link.
2. Add the Watermelon facewash last.
3. Apply coupon code: SANGYA10

Pay ₹242 via prepaid or opt for COD with a small extra charge!

Hurry! Grab this awesome deal!",29,2026-02-24 22:51:22
Dot & Key AHA BHA Pineapple Foaming Face Wash,IndianBeautyDeals,RE: Dot and Key glitch - I think they have disabled the watermelon face wash. Any workaround?,https://www.reddit.com/r/IndianBeautyDeals/comments/1ha2i15/re_dot_and_key_glitch_i_think_they_have_disabled/,the title.,AlekhyaDas,"It's gone, it has been going on since the Dot n Key sale started 2 days back",1,2026-02-24 22:52:02
Dot & Key Acne Spot Corrector,IndianSkincareAddicts,Review and comparison of Dot &amp; Key Cica+2% Salicylic Serum and Cica+2% Salicylic Spot Correction Gel for Oily-Combo Skin,https://www.reddit.com/r/IndianSkincareAddicts/comments/17nnsgd/review_and_comparison_of_dot_key_cica2_salicylic/,"&amp;#x200B;

**About me**: Mid 20s F

**Skin type:** Oily combination (oily t-zone, normal skin everywhere else)

**General skin concerns:** blackheads+ sebaceous filaments on nose and chin, couple of faint PIH from past acne, occasional acne during periods week or if I'm stressed out

**Routine:**

*AM:*

1. Wash face with water or if I feel greasy in the morning, wash with Minimalist oat cleanser
2. Minimalist 3% PHA toner
3. SNP Prep Peptaronic Toner
4. If I'm going outside, Minimalist SPF 50 Sunscreen, if I'm working from home, Dot &amp; Key watermelon cooling sunscreen or no sunscreen if I keep my curtains closed
5. If I'm not going outside, Dot &amp; Key Cica+2% Salicylic Serum or Cica+2% Salicylic Spot Correction Gel as spot treatment on active acne

*PM:*

1. Garnier micellar water (to remove makeup or sunscreen)
2. Wash face with Minimalist oat cleanser, or Minimalist 2% salicylic acid cleanser (on alternate days)
3. Isntree 0.9% chestnut BHA toner (if I have not used the salicylic acid cleanser on that day)
4. Minimalist 3% PHA toner
5. SNP Prep Peptaronic Toner
6. Ponds super light gel moisturizer
7. Dot &amp; Key Cica+2% Salicylic Serum or Cica+2% Salicylic Spot Correc",[post author],"&amp;#x200B;

**About me**: Mid 20s F

**Skin type:** Oily combination (oily t-zone, normal skin everywhere else)

**General skin concerns:** blackheads+ sebaceous filaments on nose and chin, couple of faint PIH from past acne, occasional acne during periods week or if I'm stressed out

**Routine:**

*AM:*

1. Wash face with water or if I feel greasy in the morning, wash with Minimalist oat cleanser
2. Minimalist 3% PHA toner
3. SNP Prep Peptaronic Toner
4. If I'm going outside, Minimalist SPF 50 Sunscreen, if I'm working from home, Dot &amp; Key watermelon cooling sunscreen or no sunscreen if I keep my curtains closed
5. If I'm not going outside, Dot &amp; Key Cica+2% Salicylic Serum or Cica+2% Salicylic Spot Correction Gel as spot treatment on active acne

*PM:*

1. Garnier micellar water (to remove makeup or sunscreen)
2. Wash face with Minimalist oat cleanser, or Minimalist 2% salicylic acid cleanser (on alternate days)
3. Isntree 0.9% chestnut BHA toner (if I have not used the salicylic acid cleanser on that day)
4. Minimalist 3% PHA toner
5. SNP Prep Peptaronic Toner
6. Ponds super light gel moisturizer
7. Dot &amp; Key Cica+2% Salicylic Serum or Cica+2% Salicylic Spot Correc",54,2026-02-24 22:52:29
Dot & Key Acne Spot Corrector,IndianSkincareAddicts,List of fungal-safe products [2022],https://www.reddit.com/r/IndianSkincareAddicts/comments/xyrgx8/list_of_fungalsafe_products_2022/,"⚠️ **DISCLAIMER:** Since making this post, I've learned some new information that has changed my perception and usage of the term ""fungal-safe"". I've shared about this at length in my post [""Fungal-safe"" skincare: unscientific BS?](https://reddit.com/r/IndianSkincareAddicts/s/IxvbUdN1jv) The TLDR of that post: there is no scientific proof showing that the ingredients excluded as not ""fungal-safe""  actually cause problems for those with malassezia-related conditions. The concept of ""fungal-safe"" is something created purely based on the personal experiences of people on the internet. It is 100% anecdotal. I will no longer be perpetuating the concept of ""fungal-safe"" skincare, and all previous or future posts by me should not be considered advice, but merely recountings of my personal experience. **These are simply techniques and product choices that have worked for me, personally.**

♦️♦️♦️♦️♦️

It's been over a year since I first made a list of fungal-safe products, for anyone dealing with malassezia follicutlitis (fungal acne), seb derm (seborrheic dermatitis) or similar conditions. Since then, more products have come on the market, reformulations have happened, I've used more prod",Remarkable-Ant360,"I have found some other fa safe moisturizers :- 

Aroma Treasures lightening pigmentation gel

Apieu madecassoside cream 2X

Bare body essentials hydraglow gel

Beplain cicaful calming gel

Bliscent Olive Squalane &amp; Cantaloupe Gel Moisturiser

Dot and key cica niacinamide night gel

Dr. Sheths vitamin e and ginseng cream

Dr. Sheths hibiscus and niacinamide lotion

Dr. Sheths vitamin c oil free moisturizer (has coconut alkanes)

Earth rhythm cica gel

Earth rhythm phyto gel

Goodal houttuynia cordata calming moisture cream

Haruharu wonder honey green aqua bomb cream

Ilana clarifying and calming night gel

Innisfree jeju cherry blossom jelly cream

Innisfree jeju orchid enriched cream

Innisfree green tea sleeping mask

Iunik centella calming gel cream

Joy revivify hydroboost lightweight day cream spf 15

Joy revivify hydra renew regenerate night cream (has milk lipids)

Lacuna light daily protect gel moisturizer

Moduseb moist oil free moisturizer

Nykaa SKINRX Hyaluronic Acid Hydra-X Night Moisturizer For Oily Skin

Pilgrim oil free gel moisturizer

Rovectin skin essentials cica care sleeping pack

Suganda centella green tea gel

Quench Botanics matcha better anti shine moisturizer ( According to Nykaa's ingredients list, it is fa safe, but according to tata cliq's ingredients list, it's not, I am unable to open their own website, so Idk which one is correct)

Skinfood Lettuce &amp; Cucumber Watery Cream

Thank You Farmer True Water Light Gel Cream

Truekind manjistha and saffron moisture gel

Truekind bio exfoliant brightening sleeping mask

Truekind acne calming herb rescue mask",10,2026-02-24 22:52:29
Dot & Key Acne Spot Corrector,IndianSkincareAddicts,"Tan, dark spots, acne, blackheads ,texture",https://www.reddit.com/r/IndianSkincareAddicts/comments/1qi1izi/tan_dark_spots_acne_blackheads_texture/,"Imagine 1- face
Image 2- chest 

Am 18 and My face is way darker than the rest of my body, my face has a lot of facial hair, acne marks, active acne around the unibrow, and it's tanned ig

I use 2% salicylic+ cica serum from dot and key, i really want to treat the dark spots and overall skin texture and tanning 

My back has acne and my arms are tanned too so am planning to get a glycolic acid toner (pls recommend smth am not going to purchase ordinary cause it's kinda out of my budget)
I think i can mix it with pears soap as it's 98% glycerin and that would be safe?? Or you guys can suggest me any body wash that would actually help me 

For my face i use salicylic like twice a week, my mom uses this 12% urea and 6% lactic acid moisturizer on her hands i thought that would help me with exfoliation so i recently started using it on my face idk if it's just me but my skin feels smooth 

Now am confused between vitamin c or Kojic acid I heard a lot about aezelic too pls suggest which serum would be best for my face",[post author],"Imagine 1- face
Image 2- chest 

Am 18 and My face is way darker than the rest of my body, my face has a lot of facial hair, acne marks, active acne around the unibrow, and it's tanned ig

I use 2% salicylic+ cica serum from dot and key, i really want to treat the dark spots and overall skin texture and tanning 

My back has acne and my arms are tanned too so am planning to get a glycolic acid toner (pls recommend smth am not going to purchase ordinary cause it's kinda out of my budget)
I think i can mix it with pears soap as it's 98% glycerin and that would be safe?? Or you guys can suggest me any body wash that would actually help me 

For my face i use salicylic like twice a week, my mom uses this 12% urea and 6% lactic acid moisturizer on her hands i thought that would help me with exfoliation so i recently started using it on my face idk if it's just me but my skin feels smooth 

Now am confused between vitamin c or Kojic acid I heard a lot about aezelic too pls suggest which serum would be best for my face",0,2026-02-24 22:52:29
Dot & Key Acne Spot Corrector,IndianBeautyDeals,Dot n key serum on discount 60% and above,https://www.reddit.com/r/IndianBeautyDeals/comments/137ck67/dot_n_key_serum_on_discount_60_and_above/,"Deal of the day: Dot &amp; Key 10% AHA + 2% BHA Hydro Peel Glow Potion, 30ml, Exfoliating Serum with Glycolic, Lactic acids for skin glow, Paraben Free, AHA BHA Peeling Solution https://amzn.eu/d/2XoOkfu

Deal of the day: Dot &amp; Key Alpha Arbutin + Azelaic Biphasic Serum Radiance Concentrate, 20ml https://amzn.eu/d/61eoGqa

Deal of the day: Dot &amp; Key 10% Niacinamide Serum Ultimate Spot Corrector, 30ml, with 1% Zinc and Hyaluronic Acid, face serum for spotless skin (30) https://amzn.eu/d/7nmSgHj

Deal of the day: Dot &amp; Key Glow Accelerator 30% AHA + 2% BHA Peeling Solution, Face serum for visibly soft, smooth and glowing skin https://amzn.eu/d/d8sY7qH


Deal of the day: Dot &amp; Key Glow Elixir Radiance Enhancing Face Oil, 20ml | Face Oil for Glowing Skin | For All Skin Types https://amzn.eu/d/iYcoHmy


Deal of the day: Dot &amp; Key Acne Busting Face Serum 30ml, with zinc and salicylic for pimple and acne prone skin https://amzn.eu/d/7gHtgR6",[post author],"Deal of the day: Dot &amp; Key 10% AHA + 2% BHA Hydro Peel Glow Potion, 30ml, Exfoliating Serum with Glycolic, Lactic acids for skin glow, Paraben Free, AHA BHA Peeling Solution https://amzn.eu/d/2XoOkfu

Deal of the day: Dot &amp; Key Alpha Arbutin + Azelaic Biphasic Serum Radiance Concentrate, 20ml https://amzn.eu/d/61eoGqa

Deal of the day: Dot &amp; Key 10% Niacinamide Serum Ultimate Spot Corrector, 30ml, with 1% Zinc and Hyaluronic Acid, face serum for spotless skin (30) https://amzn.eu/d/7nmSgHj

Deal of the day: Dot &amp; Key Glow Accelerator 30% AHA + 2% BHA Peeling Solution, Face serum for visibly soft, smooth and glowing skin https://amzn.eu/d/d8sY7qH


Deal of the day: Dot &amp; Key Glow Elixir Radiance Enhancing Face Oil, 20ml | Face Oil for Glowing Skin | For All Skin Types https://amzn.eu/d/iYcoHmy


Deal of the day: Dot &amp; Key Acne Busting Face Serum 30ml, with zinc and salicylic for pimple and acne prone skin https://amzn.eu/d/7gHtgR6",3,2026-02-24 22:52:29
Dot & Key Age Defense Night Glow Serum,IndianSkincareAddicts,"Dot and key 2% salicylic acid, cica and cactus skin clearing serum",https://www.reddit.com/r/IndianSkincareAddicts/comments/1e9020g/dot_and_key_2_salicylic_acid_cica_and_cactus_skin/,"About me: early 20s/F/OILY ACNE PRONE SKIN/humid city. Redness prone sensitive skin that usually reacts negatively to larger quantities of niacinamide and hyaluronic acid (basically when these ingredients are among the top 10 ingredients of any formulation) 

My routine: 
Day- La Roche Posay (LRP) Effaclar Purifying Cleansing Gel, Avene Thermal Water, Caudalie Vinoperfect Radiance Serum. (If going out then LRP Anthelios Tinted Sunscreen SPF 50 with Peripera Primer Powder) 
Night- LRP Effaclar Purifying Cleansing Gel. Serums/treatments - 2 nights just Avene Thermal Water, 3-4 nights Caudalie Vinoperfect Serum and 1-2 nights Dot and Key Salicylic Serum. 
LRP Cicaplast Baume if additional moisture/calming needed. 
PS: Ordinary Glycolic acid (once in two weeks or a month) 

Serum consistency
Transparent, sticky, can foam up a little on rubbing into the skin gently. 

Smell
Fragrance free, may have an ingredient smell. 

Absorption
Quick absorption after washing one's face and/or if a light water based toner is used. 

Hydration 
Not hydrating enough, its better to apply a thin layer of moisturizer/balm over this. But it can be used by all skin types due to how light it is. 

After appl",[post author],"About me: early 20s/F/OILY ACNE PRONE SKIN/humid city. Redness prone sensitive skin that usually reacts negatively to larger quantities of niacinamide and hyaluronic acid (basically when these ingredients are among the top 10 ingredients of any formulation) 

My routine: 
Day- La Roche Posay (LRP) Effaclar Purifying Cleansing Gel, Avene Thermal Water, Caudalie Vinoperfect Radiance Serum. (If going out then LRP Anthelios Tinted Sunscreen SPF 50 with Peripera Primer Powder) 
Night- LRP Effaclar Purifying Cleansing Gel. Serums/treatments - 2 nights just Avene Thermal Water, 3-4 nights Caudalie Vinoperfect Serum and 1-2 nights Dot and Key Salicylic Serum. 
LRP Cicaplast Baume if additional moisture/calming needed. 
PS: Ordinary Glycolic acid (once in two weeks or a month) 

Serum consistency
Transparent, sticky, can foam up a little on rubbing into the skin gently. 

Smell
Fragrance free, may have an ingredient smell. 

Absorption
Quick absorption after washing one's face and/or if a light water based toner is used. 

Hydration 
Not hydrating enough, its better to apply a thin layer of moisturizer/balm over this. But it can be used by all skin types due to how light it is. 

After appl",13,2026-02-24 22:53:10
Dot & Key Age Defense Night Glow Serum,IndianSkincareAddicts,Review and comparison of Dot &amp; Key Cica+2% Salicylic Serum and Cica+2% Salicylic Spot Correction Gel for Oily-Combo Skin,https://www.reddit.com/r/IndianSkincareAddicts/comments/17nnsgd/review_and_comparison_of_dot_key_cica2_salicylic/,"&amp;#x200B;

**About me**: Mid 20s F

**Skin type:** Oily combination (oily t-zone, normal skin everywhere else)

**General skin concerns:** blackheads+ sebaceous filaments on nose and chin, couple of faint PIH from past acne, occasional acne during periods week or if I'm stressed out

**Routine:**

*AM:*

1. Wash face with water or if I feel greasy in the morning, wash with Minimalist oat cleanser
2. Minimalist 3% PHA toner
3. SNP Prep Peptaronic Toner
4. If I'm going outside, Minimalist SPF 50 Sunscreen, if I'm working from home, Dot &amp; Key watermelon cooling sunscreen or no sunscreen if I keep my curtains closed
5. If I'm not going outside, Dot &amp; Key Cica+2% Salicylic Serum or Cica+2% Salicylic Spot Correction Gel as spot treatment on active acne

*PM:*

1. Garnier micellar water (to remove makeup or sunscreen)
2. Wash face with Minimalist oat cleanser, or Minimalist 2% salicylic acid cleanser (on alternate days)
3. Isntree 0.9% chestnut BHA toner (if I have not used the salicylic acid cleanser on that day)
4. Minimalist 3% PHA toner
5. SNP Prep Peptaronic Toner
6. Ponds super light gel moisturizer
7. Dot &amp; Key Cica+2% Salicylic Serum or Cica+2% Salicylic Spot Correc",[post author],"&amp;#x200B;

**About me**: Mid 20s F

**Skin type:** Oily combination (oily t-zone, normal skin everywhere else)

**General skin concerns:** blackheads+ sebaceous filaments on nose and chin, couple of faint PIH from past acne, occasional acne during periods week or if I'm stressed out

**Routine:**

*AM:*

1. Wash face with water or if I feel greasy in the morning, wash with Minimalist oat cleanser
2. Minimalist 3% PHA toner
3. SNP Prep Peptaronic Toner
4. If I'm going outside, Minimalist SPF 50 Sunscreen, if I'm working from home, Dot &amp; Key watermelon cooling sunscreen or no sunscreen if I keep my curtains closed
5. If I'm not going outside, Dot &amp; Key Cica+2% Salicylic Serum or Cica+2% Salicylic Spot Correction Gel as spot treatment on active acne

*PM:*

1. Garnier micellar water (to remove makeup or sunscreen)
2. Wash face with Minimalist oat cleanser, or Minimalist 2% salicylic acid cleanser (on alternate days)
3. Isntree 0.9% chestnut BHA toner (if I have not used the salicylic acid cleanser on that day)
4. Minimalist 3% PHA toner
5. SNP Prep Peptaronic Toner
6. Ponds super light gel moisturizer
7. Dot &amp; Key Cica+2% Salicylic Serum or Cica+2% Salicylic Spot Correc",54,2026-02-24 22:53:10
Dot & Key Age Defense Night Glow Serum,IndianBeautyDeals,Dot &amp; Key 4 Facewash for ₹242 with a FREE mini Serum! ,https://www.reddit.com/r/IndianBeautyDeals/comments/1h8z4vc/dot_key_4_facewash_for_242_with_a_free_mini_serum/,"Amazing Deal!

Get Dot &amp; Key 4 Facewash for ₹242 with a FREE mini Serum!

Shop now: https://www.dotandkey.com/collections/face-wash

Here's how:

1. Add any 3 facewashes of 100ml from the link.
2. Add the Watermelon facewash last.
3. Apply coupon code: SANGYA10

Pay ₹242 via prepaid or opt for COD with a small extra charge!

Hurry! Grab this awesome deal!",[post author],"Amazing Deal!

Get Dot &amp; Key 4 Facewash for ₹242 with a FREE mini Serum!

Shop now: https://www.dotandkey.com/collections/face-wash

Here's how:

1. Add any 3 facewashes of 100ml from the link.
2. Add the Watermelon facewash last.
3. Apply coupon code: SANGYA10

Pay ₹242 via prepaid or opt for COD with a small extra charge!

Hurry! Grab this awesome deal!",29,2026-02-24 22:53:10
Dot & Key AHA Exfoliating Sleeping Mask,IndianSkincareAddicts,List of fungal-safe products [2022],https://www.reddit.com/r/IndianSkincareAddicts/comments/xyrgx8/list_of_fungalsafe_products_2022/,"⚠️ **DISCLAIMER:** Since making this post, I've learned some new information that has changed my perception and usage of the term ""fungal-safe"". I've shared about this at length in my post [""Fungal-safe"" skincare: unscientific BS?](https://reddit.com/r/IndianSkincareAddicts/s/IxvbUdN1jv) The TLDR of that post: there is no scientific proof showing that the ingredients excluded as not ""fungal-safe""  actually cause problems for those with malassezia-related conditions. The concept of ""fungal-safe"" is something created purely based on the personal experiences of people on the internet. It is 100% anecdotal. I will no longer be perpetuating the concept of ""fungal-safe"" skincare, and all previous or future posts by me should not be considered advice, but merely recountings of my personal experience. **These are simply techniques and product choices that have worked for me, personally.**

♦️♦️♦️♦️♦️

It's been over a year since I first made a list of fungal-safe products, for anyone dealing with malassezia follicutlitis (fungal acne), seb derm (seborrheic dermatitis) or similar conditions. Since then, more products have come on the market, reformulations have happened, I've used more prod",Remarkable-Ant360,"I have found some other fa safe moisturizers :- 

Aroma Treasures lightening pigmentation gel

Apieu madecassoside cream 2X

Bare body essentials hydraglow gel

Beplain cicaful calming gel

Bliscent Olive Squalane &amp; Cantaloupe Gel Moisturiser

Dot and key cica niacinamide night gel

Dr. Sheths vitamin e and ginseng cream

Dr. Sheths hibiscus and niacinamide lotion

Dr. Sheths vitamin c oil free moisturizer (has coconut alkanes)

Earth rhythm cica gel

Earth rhythm phyto gel

Goodal houttuynia cordata calming moisture cream

Haruharu wonder honey green aqua bomb cream

Ilana clarifying and calming night gel

Innisfree jeju cherry blossom jelly cream

Innisfree jeju orchid enriched cream

Innisfree green tea sleeping mask

Iunik centella calming gel cream

Joy revivify hydroboost lightweight day cream spf 15

Joy revivify hydra renew regenerate night cream (has milk lipids)

Lacuna light daily protect gel moisturizer

Moduseb moist oil free moisturizer

Nykaa SKINRX Hyaluronic Acid Hydra-X Night Moisturizer For Oily Skin

Pilgrim oil free gel moisturizer

Rovectin skin essentials cica care sleeping pack

Suganda centella green tea gel

Quench Botanics matcha better anti shine moisturizer ( According to Nykaa's ingredients list, it is fa safe, but according to tata cliq's ingredients list, it's not, I am unable to open their own website, so Idk which one is correct)

Skinfood Lettuce &amp; Cucumber Watery Cream

Thank You Farmer True Water Light Gel Cream

Truekind manjistha and saffron moisture gel

Truekind bio exfoliant brightening sleeping mask

Truekind acne calming herb rescue mask",8,2026-02-24 22:53:49
Dot & Key AHA Exfoliating Sleeping Mask,IndianSkincareAddicts,Reviewing my current skincare routine [oily acne prone sensitive skin],https://www.reddit.com/r/IndianSkincareAddicts/comments/13lyu2x/reviewing_my_current_skincare_routine_oily_acne/,"hey, little basic info about me. i have oily acne prone sensitive skin. i also deal with hormonal breakouts. i live in a hot and humid climate. my skin also has pigmentation and acne scars. recently i have also developed milia. and most of this is credited to stress and hormonal imbalance.

im reviewing the products i am currently using.

Cleansers-

1. Dermafique acne avert cleansing mousse- its a foaming cleanser which does its job pretty well and i have been using it for the past 1 year or so. it cleanses skin very well in just 1 wash and hasnt ever caused me to break out. it cleans all excess oil off my skin. definitely my HG.

2. Dot and Key deep pore milky foam cleanser- it isn’t exactly a foam cleanser and has a creamy consistency but boy oh boy does it clean my face. i use it for double cleansing every 2-3 times a week as its great at removing all oil, sebum and dirt from skin. it can be a bit drying i dont use it daily. i’ve been using it for almost a year now and definitely WRP. (4.5/5)

3. Neutrogena bright boost micro polishing face scrub- i use this to exfoliate my skin 1-2 times a week. its rather gentle for a scrub and does not strip my skin of moisture. i’ve been us",[post author],"hey, little basic info about me. i have oily acne prone sensitive skin. i also deal with hormonal breakouts. i live in a hot and humid climate. my skin also has pigmentation and acne scars. recently i have also developed milia. and most of this is credited to stress and hormonal imbalance.

im reviewing the products i am currently using.

Cleansers-

1. Dermafique acne avert cleansing mousse- its a foaming cleanser which does its job pretty well and i have been using it for the past 1 year or so. it cleanses skin very well in just 1 wash and hasnt ever caused me to break out. it cleans all excess oil off my skin. definitely my HG.

2. Dot and Key deep pore milky foam cleanser- it isn’t exactly a foam cleanser and has a creamy consistency but boy oh boy does it clean my face. i use it for double cleansing every 2-3 times a week as its great at removing all oil, sebum and dirt from skin. it can be a bit drying i dont use it daily. i’ve been using it for almost a year now and definitely WRP. (4.5/5)

3. Neutrogena bright boost micro polishing face scrub- i use this to exfoliate my skin 1-2 times a week. its rather gentle for a scrub and does not strip my skin of moisture. i’ve been us",68,2026-02-24 22:53:49
Dot & Key AHA Exfoliating Sleeping Mask,SkincareAddiction,"[Routine Help] Starting a routine for the first time, would appreciate your advice",https://www.reddit.com/r/SkincareAddiction/comments/nk3dty/routine_help_starting_a_routine_for_the_first/,"Hello, \[34F\] I am new here but have been lurking and reading up for about a month now and have been working towards figuring out my first routine. I would appreciate any product suggestions or advice regarding the same.   


**Skin Type:** Dry to Normal? (Not a 100% sure, was definitely combination-skin during teenage but it is mostly dry now based on the wash-your-face-test suggested in this sub). Additionally I have a bit of sensitivity to strong products and chemicals as I potentially lose my moisture barrier too easily.  


**Skin Concerns**: Hyperpigmentation near the edges of the lower lip, some residual acne spots on cheeks, fine laugh lines near eyes and mouth  


Routine:  


AM:  
Cleanser: Generic gentle face wash/ Biotique Face Wash ([Bio Papaya](https://www.biotique.com/bio-papaya-exfoliating-face-wash-200ml.html))   
Moisturizer: Klairs Freshly Juiced Vitamin E Face Mask (I use it as a moisturizer and it really suits my skin and keeps it hydrated)  
Sunscreen: Avene Day Protector SPF 30 PA +++ for Sensitive Skin  


PM:   
Cleanser  
Serum: Klairs Freshly Juiced Vitamin C Serum (L-Abscorbic Acid)  
Moisturizer: Klairs Freshly Juiced Vitamin E Face Mask  


I've test",[post author],"Hello, \[34F\] I am new here but have been lurking and reading up for about a month now and have been working towards figuring out my first routine. I would appreciate any product suggestions or advice regarding the same.   


**Skin Type:** Dry to Normal? (Not a 100% sure, was definitely combination-skin during teenage but it is mostly dry now based on the wash-your-face-test suggested in this sub). Additionally I have a bit of sensitivity to strong products and chemicals as I potentially lose my moisture barrier too easily.  


**Skin Concerns**: Hyperpigmentation near the edges of the lower lip, some residual acne spots on cheeks, fine laugh lines near eyes and mouth  


Routine:  


AM:  
Cleanser: Generic gentle face wash/ Biotique Face Wash ([Bio Papaya](https://www.biotique.com/bio-papaya-exfoliating-face-wash-200ml.html))   
Moisturizer: Klairs Freshly Juiced Vitamin E Face Mask (I use it as a moisturizer and it really suits my skin and keeps it hydrated)  
Sunscreen: Avene Day Protector SPF 30 PA +++ for Sensitive Skin  


PM:   
Cleanser  
Serum: Klairs Freshly Juiced Vitamin C Serum (L-Abscorbic Acid)  
Moisturizer: Klairs Freshly Juiced Vitamin E Face Mask  


I've test",2,2026-02-24 22:53:49
Dot & Key AHA Exfoliating Sleeping Mask,IndianBeautyDeals,Smytten dot and key clay mask,https://www.reddit.com/r/IndianBeautyDeals/comments/1k2v4xg/smytten_dot_and_key_clay_mask/,I paid 209 using smytten bucks but normal  total will be 269 which is still a very good deal for this,[post author],I paid 209 using smytten bucks but normal  total will be 269 which is still a very good deal for this,8,2026-02-24 22:53:49
Dot & Key Alpha Arbutin Azelaic Biphasic Serum,IndianBeautyDeals,Dot n key serum on discount 60% and above,https://www.reddit.com/r/IndianBeautyDeals/comments/137ck67/dot_n_key_serum_on_discount_60_and_above/,"Deal of the day: Dot &amp; Key 10% AHA + 2% BHA Hydro Peel Glow Potion, 30ml, Exfoliating Serum with Glycolic, Lactic acids for skin glow, Paraben Free, AHA BHA Peeling Solution https://amzn.eu/d/2XoOkfu

Deal of the day: Dot &amp; Key Alpha Arbutin + Azelaic Biphasic Serum Radiance Concentrate, 20ml https://amzn.eu/d/61eoGqa

Deal of the day: Dot &amp; Key 10% Niacinamide Serum Ultimate Spot Corrector, 30ml, with 1% Zinc and Hyaluronic Acid, face serum for spotless skin (30) https://amzn.eu/d/7nmSgHj

Deal of the day: Dot &amp; Key Glow Accelerator 30% AHA + 2% BHA Peeling Solution, Face serum for visibly soft, smooth and glowing skin https://amzn.eu/d/d8sY7qH


Deal of the day: Dot &amp; Key Glow Elixir Radiance Enhancing Face Oil, 20ml | Face Oil for Glowing Skin | For All Skin Types https://amzn.eu/d/iYcoHmy


Deal of the day: Dot &amp; Key Acne Busting Face Serum 30ml, with zinc and salicylic for pimple and acne prone skin https://amzn.eu/d/7gHtgR6",[post author],"Deal of the day: Dot &amp; Key 10% AHA + 2% BHA Hydro Peel Glow Potion, 30ml, Exfoliating Serum with Glycolic, Lactic acids for skin glow, Paraben Free, AHA BHA Peeling Solution https://amzn.eu/d/2XoOkfu

Deal of the day: Dot &amp; Key Alpha Arbutin + Azelaic Biphasic Serum Radiance Concentrate, 20ml https://amzn.eu/d/61eoGqa

Deal of the day: Dot &amp; Key 10% Niacinamide Serum Ultimate Spot Corrector, 30ml, with 1% Zinc and Hyaluronic Acid, face serum for spotless skin (30) https://amzn.eu/d/7nmSgHj

Deal of the day: Dot &amp; Key Glow Accelerator 30% AHA + 2% BHA Peeling Solution, Face serum for visibly soft, smooth and glowing skin https://amzn.eu/d/d8sY7qH


Deal of the day: Dot &amp; Key Glow Elixir Radiance Enhancing Face Oil, 20ml | Face Oil for Glowing Skin | For All Skin Types https://amzn.eu/d/iYcoHmy


Deal of the day: Dot &amp; Key Acne Busting Face Serum 30ml, with zinc and salicylic for pimple and acne prone skin https://amzn.eu/d/7gHtgR6",4,2026-02-24 22:54:25
Dot & Key Alpha Arbutin Azelaic Biphasic Serum,IndianBeautyDeals,Dot &amp; Key 4 Facewash for ₹242 with a FREE mini Serum! ,https://www.reddit.com/r/IndianBeautyDeals/comments/1h8z4vc/dot_key_4_facewash_for_242_with_a_free_mini_serum/,"Amazing Deal!

Get Dot &amp; Key 4 Facewash for ₹242 with a FREE mini Serum!

Shop now: https://www.dotandkey.com/collections/face-wash

Here's how:

1. Add any 3 facewashes of 100ml from the link.
2. Add the Watermelon facewash last.
3. Apply coupon code: SANGYA10

Pay ₹242 via prepaid or opt for COD with a small extra charge!

Hurry! Grab this awesome deal!",[post author],"Amazing Deal!

Get Dot &amp; Key 4 Facewash for ₹242 with a FREE mini Serum!

Shop now: https://www.dotandkey.com/collections/face-wash

Here's how:

1. Add any 3 facewashes of 100ml from the link.
2. Add the Watermelon facewash last.
3. Apply coupon code: SANGYA10

Pay ₹242 via prepaid or opt for COD with a small extra charge!

Hurry! Grab this awesome deal!",28,2026-02-24 22:54:25
Dot & Key Barrier Repair Hydrating Gentle Face Wash,SkincareAddiction,skincare advice for my texture pls [routine help],https://www.reddit.com/r/SkincareAddiction/comments/1oo3mpk/skincare_advice_for_my_texture_pls_routine_help/,"so this is how my skin looks even after exfoliating once a week (minimalist chemical peel) and moisturizing enough so what am i doing wrong? it's not visible under that lighting but i have big pores on my cheeks too along with this weird texture plus my cheeks get REALLY oily. also im a 18yo so i haven't thought about retinols
my skin type combination, i have really oily cheeks (i get acne there) along with dry forehead and the rest of my face is normal 

my current skin routine is :-
morning - 
light wash with water
dot and key barrier repair moisturizer 
sunscreen if outdoors 

night - 
dot and key barrier repair face wash
plum 3% niacinamide toner (twice a week)
HA serum (twice a week)
dot and key barrier repair moisturizer 

should i add 10% niacinamide in my routine (ordinary or plum)? or something like azelaic acid or adaplene OTC?
my main concern is this texture, big pores and oiliness on my cheeks",[post author],"so this is how my skin looks even after exfoliating once a week (minimalist chemical peel) and moisturizing enough so what am i doing wrong? it's not visible under that lighting but i have big pores on my cheeks too along with this weird texture plus my cheeks get REALLY oily. also im a 18yo so i haven't thought about retinols
my skin type combination, i have really oily cheeks (i get acne there) along with dry forehead and the rest of my face is normal 

my current skin routine is :-
morning - 
light wash with water
dot and key barrier repair moisturizer 
sunscreen if outdoors 

night - 
dot and key barrier repair face wash
plum 3% niacinamide toner (twice a week)
HA serum (twice a week)
dot and key barrier repair moisturizer 

should i add 10% niacinamide in my routine (ordinary or plum)? or something like azelaic acid or adaplene OTC?
my main concern is this texture, big pores and oiliness on my cheeks",1,2026-02-24 22:54:58
Dot & Key Barrier Repair Hydrating Gentle Face Wash,SkincareAddiction,[Acne] My skin is breaking out,https://www.reddit.com/r/SkincareAddiction/comments/1nmnbh4/acne_my_skin_is_breaking_out/,"I have been getting non stop acne since past 2 months. I have combination skin. I have tried various things which include BPO face wash, axelic acid serum which is my current skin care. I have been using barrier repair moisturiser from dot and key and hyphen. I am using skin1004 centella ampule. But my acne is not improving. Please help me!!",[post author],"I have been getting non stop acne since past 2 months. I have combination skin. I have tried various things which include BPO face wash, axelic acid serum which is my current skin care. I have been using barrier repair moisturiser from dot and key and hyphen. I am using skin1004 centella ampule. But my acne is not improving. Please help me!!",1,2026-02-24 22:54:58
Dot & Key Barrier Repair Hydrating Gentle Face Wash,SkincareAddiction,Tiny bumps all over my face [acne],https://www.reddit.com/r/SkincareAddiction/comments/1kvvl9c/tiny_bumps_all_over_my_face_acne/,"Help kinda itchy tiny bumps are starting to appear everywhere
Whichever sunscreen I used i got acne so i stopped using them and t I've resorted only to dot and key barrier repair face wash",whatwerewemadefor_,Ever since I stopped using dot and key barrier repair face wash my itchy acne have disappeared. I still got acne but it doesn't bother me as much as the itchy ones I used to get,1,2026-02-24 22:54:58
Dot & Key Barrier Repair Hydrating Gentle Face Wash,IndianBeautyDeals,Dot and key might cancel our orders now. ,https://www.reddit.com/r/IndianBeautyDeals/comments/1h9q3nh/dot_and_key_might_cancel_our_orders_now/,How tf did the deal reach insta and became so popular?!! 4170 comments !! Expect cancellation of orders. We really need to start gatekeeping if we want profit.,CurlyQueenofGondor,"Dot and key has very smartly done this to offload their stock

Good products like moisturizers can't be bought - only lip balms and face washes which I'm sure they'll profit off even with rs 50 per product

Real glitches are random

This was planted - no one randomly discovers the magical watermelon face wash",199,2026-02-24 22:54:58
Dot & Key Barrier Repair Hydrating Gentle Face Wash,IndianBeautyDeals,Dot and key might cancel our orders now. ,https://www.reddit.com/r/IndianBeautyDeals/comments/1h9q3nh/dot_and_key_might_cancel_our_orders_now/,How tf did the deal reach insta and became so popular?!! 4170 comments !! Expect cancellation of orders. We really need to start gatekeeping if we want profit.,[deleted],Did yll forget how dotnkey played with us last year? Made us all download their shitty app and cancelled all orders I don't trust this bhikhari brand at all,79,2026-02-24 22:54:58
Dot & Key Barrier Repair Hydrating Gentle Face Wash,IndianBeautyDeals,Dot and key might cancel our orders now. ,https://www.reddit.com/r/IndianBeautyDeals/comments/1h9q3nh/dot_and_key_might_cancel_our_orders_now/,How tf did the deal reach insta and became so popular?!! 4170 comments !! Expect cancellation of orders. We really need to start gatekeeping if we want profit.,Cultural-Duty5452,"To be fair, the dot n key was first posted on other places than this reddit.",18,2026-02-24 22:54:58
Dot & Key Barrier Repair Hydrating Gentle Face Wash,IndianBeautyDeals,Very grateful for this sub,https://www.reddit.com/r/IndianBeautyDeals/comments/1hbo339/very_grateful_for_this_sub/,"Got all of this for 241. I am student on tight budget meaning to buy a facewash, and got all this for so less. I linger around the sub and miss out on deals. But I guess the huge amount of dot and key post helped me secure this deal very all. Thanks to all the people of this sub.

P.s- all the products I received are fresh stock and expiring in end of 2027.",[post author],"Got all of this for 241. I am student on tight budget meaning to buy a facewash, and got all this for so less. I linger around the sub and miss out on deals. But I guess the huge amount of dot and key post helped me secure this deal very all. Thanks to all the people of this sub.

P.s- all the products I received are fresh stock and expiring in end of 2027.",120,2026-02-24 22:54:58
Dot & Key Barrier Repair Cream,IndianSkincareAddicts,Review : TONYMOLY Inkey Library Ampoules : ceramide and collagen + barrier repair routine and review of sambandhit vastuae,https://www.reddit.com/r/IndianSkincareAddicts/comments/ubcdc9/review_tonymoly_inkey_library_ampoules_ceramide/,"heyyooo! as promised it been quite a while since I've started using these ampoules and decided to review after about a month's use. also because a lot of people were asking about it whenever I mentioned it lmao this ones for you ! (jk feel free to ask about any products I've used. it motivates me to make more posts and spread awareness!)

F17

skin type : dry , dull, dehydrated and acne prone 

concerns : barrier damage (not right now but maintenance is important lol) , acne cars and spots, PIH , pit scars 

weather : humid summers and dry winters (delhi ka mahaul)

context : randomly searching through nykka and stumbled upon one of my favorite k-brands ,TONYMOLY . and the second thing I my eyes fell on was the ceramides ampoule . the first thing was the priced tag cuz we broke ✋. surprisingly it was lot more cheaper than I expected and was a hefty sale as soon as it was dropped damn. saw other variants  and honestly so tempted to buy all the of them but I had commitments to other products 🥲. compromised with self and bought the collagen and ceramide ones and here we are ! 

&amp;#x200B;

[oh la la\~](https://preview.redd.it/v8gd1el7klv81.jpg?width=3000&amp;format=pjpg&amp;auto=web",chickenwingsandcoke,"Hey i remember you! God i hope your skin is healing fine! It's completely fine if you're hesitant in trying dot and key! I too have just shifted to beplain cica gel (as a change lol i love trying new shit) and checked the ingredients, it has no ingredients which you have mentioned like peppermint oil and tea tree oil. So deffo go with beplain if your planning to! 

Hope this post helped you quite a bit . Wrote this while thinking of your situation and thought I'd help more 🥰",2,2026-02-24 22:55:39
Dot & Key Barrier Repair Cream,IndianSkincareAddicts,Review : TONYMOLY Inkey Library Ampoules : ceramide and collagen + barrier repair routine and review of sambandhit vastuae,https://www.reddit.com/r/IndianSkincareAddicts/comments/ubcdc9/review_tonymoly_inkey_library_ampoules_ceramide/,"heyyooo! as promised it been quite a while since I've started using these ampoules and decided to review after about a month's use. also because a lot of people were asking about it whenever I mentioned it lmao this ones for you ! (jk feel free to ask about any products I've used. it motivates me to make more posts and spread awareness!)

F17

skin type : dry , dull, dehydrated and acne prone 

concerns : barrier damage (not right now but maintenance is important lol) , acne cars and spots, PIH , pit scars 

weather : humid summers and dry winters (delhi ka mahaul)

context : randomly searching through nykka and stumbled upon one of my favorite k-brands ,TONYMOLY . and the second thing I my eyes fell on was the ceramides ampoule . the first thing was the priced tag cuz we broke ✋. surprisingly it was lot more cheaper than I expected and was a hefty sale as soon as it was dropped damn. saw other variants  and honestly so tempted to buy all the of them but I had commitments to other products 🥲. compromised with self and bought the collagen and ceramide ones and here we are ! 

&amp;#x200B;

[oh la la\~](https://preview.redd.it/v8gd1el7klv81.jpg?width=3000&amp;format=pjpg&amp;auto=web",noonefornow99,"Really want to give dot n key cica gel a try confused between it and beplain cica gel dealing with a damaged barrier situation and have already wasted money on products that either didn't suit or worst caused reaction the only reason I am apphrensive about dot n key is  it has pepermint oil and tea tree oil potentially sensitising and I kina have dry skin but having bumby skin texture and breakouts due to barrier and reaction. op had suggested me this for a while and yet I am here sitting with my reactive skin delaying making a decision everyday when I have an event to attend on 15 bad luck I guess, I even got scammed in between all of this getting cosrx Ceramide Cream with different ingredients returned and haven't gotten my money yet,  I first buyed cheap stuff from Earth rythm that destroyed my skin and then when I finally decided to invest in a expensive Korean ceramide  Cream I got scammed btw Tony moly ceramide ampule has been out of stock for a long while would have ordered if that wasn't the case anyways here I am lurking around the sub sharing my sob story and asking for advice like for a week.
P.s. my skin is better than before not as dry but still icthy forehead breakouts and texture left on cheeks from reaction.",1,2026-02-24 22:55:39
Dot & Key Barrier Repair Cream,IndianSkincareAddicts,skin barrier repair cream?,https://www.reddit.com/r/IndianSkincareAddicts/comments/113g9qj/skin_barrier_repair_cream/,"I need suggestions for skin barrier repair cream like CeraVe in India. I have been using Dot and Key (ceramide and HA) but it seems to not help with dryness caused by tretinoin.
Help!",Karma_Akabane2025,"Dot and key barrier repair cream. The brand is kinda infamous in this sub but this cream does not irritate my skin even when i had mild abrasions near my nose region. It suits all my family's skins. It's my mother's hg.

Boroline is another great option. Has a strong smell but it's kinda like a nostalgic beautiful herbal smell. I love it personally.

Another is Vaseline, once my nose was scathed as usual due to cold and excessive use of tissue, but i applied a good amount of Vaseline and just slept. I applied nothing. Idk how to explain it but my skin healed. I repeated the next day and it healed completely. 
It's an occlusive but seriously don't know how it happened.

Then Aloe vera gel, its perfect ❤️
Pop it in the fridge for a while and then apply the cool gel.  It feels amazing and works amazing.
My advice is to apply it on a wet face and it's like a humectant and will start peeling if you apply it on your dry face. (From several personal experiences ofc)",15,2026-02-24 22:55:39
Dot & Key Barrier Repair Cream,IndianSkincareAddicts,skin barrier repair cream?,https://www.reddit.com/r/IndianSkincareAddicts/comments/113g9qj/skin_barrier_repair_cream/,"I need suggestions for skin barrier repair cream like CeraVe in India. I have been using Dot and Key (ceramide and HA) but it seems to not help with dryness caused by tretinoin.
Help!",jojoboi1775,Can you link the barier repair cream dot n key?,2,2026-02-24 22:55:39
Dot & Key Barrier Repair Cream,IndianSkincareAddicts,skin barrier repair cream?,https://www.reddit.com/r/IndianSkincareAddicts/comments/113g9qj/skin_barrier_repair_cream/,"I need suggestions for skin barrier repair cream like CeraVe in India. I have been using Dot and Key (ceramide and HA) but it seems to not help with dryness caused by tretinoin.
Help!",[deleted],"I like the dot and key ceramide moisturizer and I use tret
It does help me with barrier repair
But the problem is the moisturizer gets absorbed a little too fast and it doesn't provide any further hydration and moisture throughout the night
So I like the use the moisturizer as a barrier repair treatment and after using the moisturizer I use the minimalist niacinamide lotion (it has 20% glycerine. It's really good for dehydrated skin because of tret)",2,2026-02-24 22:55:39
Dot & Key Barrier Repair Cream,IndianSkincareAddicts,Dot and key ceramides and hyaluronic acid moisturizer vs re'equil ceramides and hyaluronic acid moisturizer ,https://www.reddit.com/r/IndianSkincareAddicts/comments/1cwto9x/dot_and_key_ceramides_and_hyaluronic_acid/,"Deal of the day: Dot &amp; Key Ceramides Moisturizer with Hyaluronic for Intense Moisturizing and Skin Strengthening | With Probiotic &amp; Rice Water I Barrier Repair Cream | For Dry Skin, Normal Skin &amp; Sensitive Skin | 100g https://amzn.in/d/gnpvKww

RE' EQUIL Ceramide &amp; Hyaluronic Acid Moisturiser | Moisturizer For Face | Barrier Repair Cream | Long Lasting Hydration | Suitable For Normal To Dry Skin | 100G https://amzn.in/d/0jSweVb

I have dry skin and live in a place where the weather is humid. 

Re'equil ceramides and hyaluronic acid moisturizer contains mango butter along with ceramides and ha. 

The dot and key moisturizer contains 5 types of ceramides, probiotics and rice water.",naza_uwu,I have used both of them my skin is not on the very drier side it's more between normal and dry. When I used the reequil one it made me sweat a lot (if you live in a humid environment it absolutely would not be a good option to choose this) and it also feels heavy on the skin well maybe it didn't suit me but it could suit you and the dot and key one is my HG moisturizer I've already used two tubes of it. It doesn't feel as heavy as the reequil one and gives a very nice glow I love love love it (⁠≧⁠▽⁠≦⁠),7,2026-02-24 22:55:39
Dot & Key Barrier Repair Cream,IndianSkincareAddicts,Dot and key ceramides and hyaluronic acid moisturizer vs re'equil ceramides and hyaluronic acid moisturizer ,https://www.reddit.com/r/IndianSkincareAddicts/comments/1cwto9x/dot_and_key_ceramides_and_hyaluronic_acid/,"Deal of the day: Dot &amp; Key Ceramides Moisturizer with Hyaluronic for Intense Moisturizing and Skin Strengthening | With Probiotic &amp; Rice Water I Barrier Repair Cream | For Dry Skin, Normal Skin &amp; Sensitive Skin | 100g https://amzn.in/d/gnpvKww

RE' EQUIL Ceramide &amp; Hyaluronic Acid Moisturiser | Moisturizer For Face | Barrier Repair Cream | Long Lasting Hydration | Suitable For Normal To Dry Skin | 100G https://amzn.in/d/0jSweVb

I have dry skin and live in a place where the weather is humid. 

Re'equil ceramides and hyaluronic acid moisturizer contains mango butter along with ceramides and ha. 

The dot and key moisturizer contains 5 types of ceramides, probiotics and rice water.",Outrageous_Water1991,"I have used dot and key one, yes face looks glowly and shine like silicone layer but i think its just coz of product on face!? its not moisturising skin, or maybe it does and im overthinking as price to performance is pretty great


- This product stinks like sweat, naak ke baal jal jaate 🤢",5,2026-02-24 22:55:39
Dot & Key Barrier Repair Cream,IndianSkincareAddicts,List of fungal-safe products [2022],https://www.reddit.com/r/IndianSkincareAddicts/comments/xyrgx8/list_of_fungalsafe_products_2022/,"⚠️ **DISCLAIMER:** Since making this post, I've learned some new information that has changed my perception and usage of the term ""fungal-safe"". I've shared about this at length in my post [""Fungal-safe"" skincare: unscientific BS?](https://reddit.com/r/IndianSkincareAddicts/s/IxvbUdN1jv) The TLDR of that post: there is no scientific proof showing that the ingredients excluded as not ""fungal-safe""  actually cause problems for those with malassezia-related conditions. The concept of ""fungal-safe"" is something created purely based on the personal experiences of people on the internet. It is 100% anecdotal. I will no longer be perpetuating the concept of ""fungal-safe"" skincare, and all previous or future posts by me should not be considered advice, but merely recountings of my personal experience. **These are simply techniques and product choices that have worked for me, personally.**

♦️♦️♦️♦️♦️

It's been over a year since I first made a list of fungal-safe products, for anyone dealing with malassezia follicutlitis (fungal acne), seb derm (seborrheic dermatitis) or similar conditions. Since then, more products have come on the market, reformulations have happened, I've used more prod",Remarkable-Ant360,"I have found some other fa safe moisturizers :- 

Aroma Treasures lightening pigmentation gel

Apieu madecassoside cream 2X

Bare body essentials hydraglow gel

Beplain cicaful calming gel

Bliscent Olive Squalane &amp; Cantaloupe Gel Moisturiser

Dot and key cica niacinamide night gel

Dr. Sheths vitamin e and ginseng cream

Dr. Sheths hibiscus and niacinamide lotion

Dr. Sheths vitamin c oil free moisturizer (has coconut alkanes)

Earth rhythm cica gel

Earth rhythm phyto gel

Goodal houttuynia cordata calming moisture cream

Haruharu wonder honey green aqua bomb cream

Ilana clarifying and calming night gel

Innisfree jeju cherry blossom jelly cream

Innisfree jeju orchid enriched cream

Innisfree green tea sleeping mask

Iunik centella calming gel cream

Joy revivify hydroboost lightweight day cream spf 15

Joy revivify hydra renew regenerate night cream (has milk lipids)

Lacuna light daily protect gel moisturizer

Moduseb moist oil free moisturizer

Nykaa SKINRX Hyaluronic Acid Hydra-X Night Moisturizer For Oily Skin

Pilgrim oil free gel moisturizer

Rovectin skin essentials cica care sleeping pack

Suganda centella green tea gel

Quench Botanics matcha better anti shine moisturizer ( According to Nykaa's ingredients list, it is fa safe, but according to tata cliq's ingredients list, it's not, I am unable to open their own website, so Idk which one is correct)

Skinfood Lettuce &amp; Cucumber Watery Cream

Thank You Farmer True Water Light Gel Cream

Truekind manjistha and saffron moisture gel

Truekind bio exfoliant brightening sleeping mask

Truekind acne calming herb rescue mask",8,2026-02-24 22:55:39
Dot & Key Barrier Repair Face Moisturizer Ceramides,IndianSkincareAddicts,Review : TONYMOLY Inkey Library Ampoules : ceramide and collagen + barrier repair routine and review of sambandhit vastuae,https://www.reddit.com/r/IndianSkincareAddicts/comments/ubcdc9/review_tonymoly_inkey_library_ampoules_ceramide/,"heyyooo! as promised it been quite a while since I've started using these ampoules and decided to review after about a month's use. also because a lot of people were asking about it whenever I mentioned it lmao this ones for you ! (jk feel free to ask about any products I've used. it motivates me to make more posts and spread awareness!)

F17

skin type : dry , dull, dehydrated and acne prone 

concerns : barrier damage (not right now but maintenance is important lol) , acne cars and spots, PIH , pit scars 

weather : humid summers and dry winters (delhi ka mahaul)

context : randomly searching through nykka and stumbled upon one of my favorite k-brands ,TONYMOLY . and the second thing I my eyes fell on was the ceramides ampoule . the first thing was the priced tag cuz we broke ✋. surprisingly it was lot more cheaper than I expected and was a hefty sale as soon as it was dropped damn. saw other variants  and honestly so tempted to buy all the of them but I had commitments to other products 🥲. compromised with self and bought the collagen and ceramide ones and here we are ! 

&amp;#x200B;

[oh la la\~](https://preview.redd.it/v8gd1el7klv81.jpg?width=3000&amp;format=pjpg&amp;auto=web",chickenwingsandcoke,"Hey i remember you! God i hope your skin is healing fine! It's completely fine if you're hesitant in trying dot and key! I too have just shifted to beplain cica gel (as a change lol i love trying new shit) and checked the ingredients, it has no ingredients which you have mentioned like peppermint oil and tea tree oil. So deffo go with beplain if your planning to! 

Hope this post helped you quite a bit . Wrote this while thinking of your situation and thought I'd help more 🥰",2,2026-02-24 22:56:15
Dot & Key Barrier Repair Face Moisturizer Ceramides,IndianSkincareAddicts,Review : TONYMOLY Inkey Library Ampoules : ceramide and collagen + barrier repair routine and review of sambandhit vastuae,https://www.reddit.com/r/IndianSkincareAddicts/comments/ubcdc9/review_tonymoly_inkey_library_ampoules_ceramide/,"heyyooo! as promised it been quite a while since I've started using these ampoules and decided to review after about a month's use. also because a lot of people were asking about it whenever I mentioned it lmao this ones for you ! (jk feel free to ask about any products I've used. it motivates me to make more posts and spread awareness!)

F17

skin type : dry , dull, dehydrated and acne prone 

concerns : barrier damage (not right now but maintenance is important lol) , acne cars and spots, PIH , pit scars 

weather : humid summers and dry winters (delhi ka mahaul)

context : randomly searching through nykka and stumbled upon one of my favorite k-brands ,TONYMOLY . and the second thing I my eyes fell on was the ceramides ampoule . the first thing was the priced tag cuz we broke ✋. surprisingly it was lot more cheaper than I expected and was a hefty sale as soon as it was dropped damn. saw other variants  and honestly so tempted to buy all the of them but I had commitments to other products 🥲. compromised with self and bought the collagen and ceramide ones and here we are ! 

&amp;#x200B;

[oh la la\~](https://preview.redd.it/v8gd1el7klv81.jpg?width=3000&amp;format=pjpg&amp;auto=web",noonefornow99,"Really want to give dot n key cica gel a try confused between it and beplain cica gel dealing with a damaged barrier situation and have already wasted money on products that either didn't suit or worst caused reaction the only reason I am apphrensive about dot n key is  it has pepermint oil and tea tree oil potentially sensitising and I kina have dry skin but having bumby skin texture and breakouts due to barrier and reaction. op had suggested me this for a while and yet I am here sitting with my reactive skin delaying making a decision everyday when I have an event to attend on 15 bad luck I guess, I even got scammed in between all of this getting cosrx Ceramide Cream with different ingredients returned and haven't gotten my money yet,  I first buyed cheap stuff from Earth rythm that destroyed my skin and then when I finally decided to invest in a expensive Korean ceramide  Cream I got scammed btw Tony moly ceramide ampule has been out of stock for a long while would have ordered if that wasn't the case anyways here I am lurking around the sub sharing my sob story and asking for advice like for a week.
P.s. my skin is better than before not as dry but still icthy forehead breakouts and texture left on cheeks from reaction.",1,2026-02-24 22:56:15
Dot & Key Barrier Repair Face Moisturizer Ceramides,IndianSkincareAddicts,Dot and key ceramides and hyaluronic acid moisturizer vs re'equil ceramides and hyaluronic acid moisturizer ,https://www.reddit.com/r/IndianSkincareAddicts/comments/1cwto9x/dot_and_key_ceramides_and_hyaluronic_acid/,"Deal of the day: Dot &amp; Key Ceramides Moisturizer with Hyaluronic for Intense Moisturizing and Skin Strengthening | With Probiotic &amp; Rice Water I Barrier Repair Cream | For Dry Skin, Normal Skin &amp; Sensitive Skin | 100g https://amzn.in/d/gnpvKww

RE' EQUIL Ceramide &amp; Hyaluronic Acid Moisturiser | Moisturizer For Face | Barrier Repair Cream | Long Lasting Hydration | Suitable For Normal To Dry Skin | 100G https://amzn.in/d/0jSweVb

I have dry skin and live in a place where the weather is humid. 

Re'equil ceramides and hyaluronic acid moisturizer contains mango butter along with ceramides and ha. 

The dot and key moisturizer contains 5 types of ceramides, probiotics and rice water.",naza_uwu,I have used both of them my skin is not on the very drier side it's more between normal and dry. When I used the reequil one it made me sweat a lot (if you live in a humid environment it absolutely would not be a good option to choose this) and it also feels heavy on the skin well maybe it didn't suit me but it could suit you and the dot and key one is my HG moisturizer I've already used two tubes of it. It doesn't feel as heavy as the reequil one and gives a very nice glow I love love love it (⁠≧⁠▽⁠≦⁠),7,2026-02-24 22:56:15
Dot & Key Barrier Repair Face Moisturizer Ceramides,IndianSkincareAddicts,Dot and key ceramides and hyaluronic acid moisturizer vs re'equil ceramides and hyaluronic acid moisturizer ,https://www.reddit.com/r/IndianSkincareAddicts/comments/1cwto9x/dot_and_key_ceramides_and_hyaluronic_acid/,"Deal of the day: Dot &amp; Key Ceramides Moisturizer with Hyaluronic for Intense Moisturizing and Skin Strengthening | With Probiotic &amp; Rice Water I Barrier Repair Cream | For Dry Skin, Normal Skin &amp; Sensitive Skin | 100g https://amzn.in/d/gnpvKww

RE' EQUIL Ceramide &amp; Hyaluronic Acid Moisturiser | Moisturizer For Face | Barrier Repair Cream | Long Lasting Hydration | Suitable For Normal To Dry Skin | 100G https://amzn.in/d/0jSweVb

I have dry skin and live in a place where the weather is humid. 

Re'equil ceramides and hyaluronic acid moisturizer contains mango butter along with ceramides and ha. 

The dot and key moisturizer contains 5 types of ceramides, probiotics and rice water.",Outrageous_Water1991,"I have used dot and key one, yes face looks glowly and shine like silicone layer but i think its just coz of product on face!? its not moisturising skin, or maybe it does and im overthinking as price to performance is pretty great


- This product stinks like sweat, naak ke baal jal jaate 🤢",5,2026-02-24 22:56:15
Dot & Key Barrier Repair Face Moisturizer Ceramides,IndianSkincareAddicts,List of fungal-safe products [2022],https://www.reddit.com/r/IndianSkincareAddicts/comments/xyrgx8/list_of_fungalsafe_products_2022/,"⚠️ **DISCLAIMER:** Since making this post, I've learned some new information that has changed my perception and usage of the term ""fungal-safe"". I've shared about this at length in my post [""Fungal-safe"" skincare: unscientific BS?](https://reddit.com/r/IndianSkincareAddicts/s/IxvbUdN1jv) The TLDR of that post: there is no scientific proof showing that the ingredients excluded as not ""fungal-safe""  actually cause problems for those with malassezia-related conditions. The concept of ""fungal-safe"" is something created purely based on the personal experiences of people on the internet. It is 100% anecdotal. I will no longer be perpetuating the concept of ""fungal-safe"" skincare, and all previous or future posts by me should not be considered advice, but merely recountings of my personal experience. **These are simply techniques and product choices that have worked for me, personally.**

♦️♦️♦️♦️♦️

It's been over a year since I first made a list of fungal-safe products, for anyone dealing with malassezia follicutlitis (fungal acne), seb derm (seborrheic dermatitis) or similar conditions. Since then, more products have come on the market, reformulations have happened, I've used more prod",Remarkable-Ant360,"I have found some other fa safe moisturizers :- 

Aroma Treasures lightening pigmentation gel

Apieu madecassoside cream 2X

Bare body essentials hydraglow gel

Beplain cicaful calming gel

Bliscent Olive Squalane &amp; Cantaloupe Gel Moisturiser

Dot and key cica niacinamide night gel

Dr. Sheths vitamin e and ginseng cream

Dr. Sheths hibiscus and niacinamide lotion

Dr. Sheths vitamin c oil free moisturizer (has coconut alkanes)

Earth rhythm cica gel

Earth rhythm phyto gel

Goodal houttuynia cordata calming moisture cream

Haruharu wonder honey green aqua bomb cream

Ilana clarifying and calming night gel

Innisfree jeju cherry blossom jelly cream

Innisfree jeju orchid enriched cream

Innisfree green tea sleeping mask

Iunik centella calming gel cream

Joy revivify hydroboost lightweight day cream spf 15

Joy revivify hydra renew regenerate night cream (has milk lipids)

Lacuna light daily protect gel moisturizer

Moduseb moist oil free moisturizer

Nykaa SKINRX Hyaluronic Acid Hydra-X Night Moisturizer For Oily Skin

Pilgrim oil free gel moisturizer

Rovectin skin essentials cica care sleeping pack

Suganda centella green tea gel

Quench Botanics matcha better anti shine moisturizer ( According to Nykaa's ingredients list, it is fa safe, but according to tata cliq's ingredients list, it's not, I am unable to open their own website, so Idk which one is correct)

Skinfood Lettuce &amp; Cucumber Watery Cream

Thank You Farmer True Water Light Gel Cream

Truekind manjistha and saffron moisture gel

Truekind bio exfoliant brightening sleeping mask

Truekind acne calming herb rescue mask",10,2026-02-24 22:56:15
Dot & Key Barrier Repair Hyaluronic Body Lotion,IndianSkincareAddicts,List of fungal-safe products [2022],https://www.reddit.com/r/IndianSkincareAddicts/comments/xyrgx8/list_of_fungalsafe_products_2022/,"⚠️ **DISCLAIMER:** Since making this post, I've learned some new information that has changed my perception and usage of the term ""fungal-safe"". I've shared about this at length in my post [""Fungal-safe"" skincare: unscientific BS?](https://reddit.com/r/IndianSkincareAddicts/s/IxvbUdN1jv) The TLDR of that post: there is no scientific proof showing that the ingredients excluded as not ""fungal-safe""  actually cause problems for those with malassezia-related conditions. The concept of ""fungal-safe"" is something created purely based on the personal experiences of people on the internet. It is 100% anecdotal. I will no longer be perpetuating the concept of ""fungal-safe"" skincare, and all previous or future posts by me should not be considered advice, but merely recountings of my personal experience. **These are simply techniques and product choices that have worked for me, personally.**

♦️♦️♦️♦️♦️

It's been over a year since I first made a list of fungal-safe products, for anyone dealing with malassezia follicutlitis (fungal acne), seb derm (seborrheic dermatitis) or similar conditions. Since then, more products have come on the market, reformulations have happened, I've used more prod",Remarkable-Ant360,"I have found some other fa safe moisturizers :- 

Aroma Treasures lightening pigmentation gel

Apieu madecassoside cream 2X

Bare body essentials hydraglow gel

Beplain cicaful calming gel

Bliscent Olive Squalane &amp; Cantaloupe Gel Moisturiser

Dot and key cica niacinamide night gel

Dr. Sheths vitamin e and ginseng cream

Dr. Sheths hibiscus and niacinamide lotion

Dr. Sheths vitamin c oil free moisturizer (has coconut alkanes)

Earth rhythm cica gel

Earth rhythm phyto gel

Goodal houttuynia cordata calming moisture cream

Haruharu wonder honey green aqua bomb cream

Ilana clarifying and calming night gel

Innisfree jeju cherry blossom jelly cream

Innisfree jeju orchid enriched cream

Innisfree green tea sleeping mask

Iunik centella calming gel cream

Joy revivify hydroboost lightweight day cream spf 15

Joy revivify hydra renew regenerate night cream (has milk lipids)

Lacuna light daily protect gel moisturizer

Moduseb moist oil free moisturizer

Nykaa SKINRX Hyaluronic Acid Hydra-X Night Moisturizer For Oily Skin

Pilgrim oil free gel moisturizer

Rovectin skin essentials cica care sleeping pack

Suganda centella green tea gel

Quench Botanics matcha better anti shine moisturizer ( According to Nykaa's ingredients list, it is fa safe, but according to tata cliq's ingredients list, it's not, I am unable to open their own website, so Idk which one is correct)

Skinfood Lettuce &amp; Cucumber Watery Cream

Thank You Farmer True Water Light Gel Cream

Truekind manjistha and saffron moisture gel

Truekind bio exfoliant brightening sleeping mask

Truekind acne calming herb rescue mask",9,2026-02-24 22:56:50
Dot & Key Barrier Repair Hyaluronic Body Lotion,IndianBeautyDeals,Is this worth it ,https://www.reddit.com/r/IndianBeautyDeals/comments/1eybe43/is_this_worth_it/,How is this deal.... I have dry skin and I'm trying dot and key for the first time... Any suggestions or reviews are welcome 🥰,[post author],How is this deal.... I have dry skin and I'm trying dot and key for the first time... Any suggestions or reviews are welcome 🥰,8,2026-02-24 22:56:50
Dot & Key Charcoal Detox Mousse Clay Mask,IndianBeautyDeals,Smytten dot and key clay mask,https://www.reddit.com/r/IndianBeautyDeals/comments/1k2v4xg/smytten_dot_and_key_clay_mask/,I paid 209 using smytten bucks but normal  total will be 269 which is still a very good deal for this,[post author],I paid 209 using smytten bucks but normal  total will be 269 which is still a very good deal for this,6,2026-02-24 22:59:50
Dot & Key Charcoal Detox Mousse Clay Mask,IndianBeautyDeals,Finally got the dot and key deal!,https://www.reddit.com/r/IndianBeautyDeals/comments/1h9nhz2/finally_got_the_dot_and_key_deal/,You can even get a lip plumping mask!!,MediocreCompany8429,The price is good but I am refusing to buy just because of brands shady image even if price are down I don't think dot and key products worth,19,2026-02-24 22:59:50
Dot & Key Charcoal Detox Mousse Clay Mask,IndianBeautyDeals,Finally got the dot and key deal!,https://www.reddit.com/r/IndianBeautyDeals/comments/1h9nhz2/finally_got_the_dot_and_key_deal/,You can even get a lip plumping mask!!,idontknowme6,The order value was lowering because of the Watermelon facewash but now dot and key has removed the face wash from the website so ig the deal has ended,1,2026-02-24 22:59:50
Dot & Key Chocolate Glow Mousse Face Mask,IndianSkincareAddicts,Dot and key clay mask,https://www.reddit.com/r/IndianSkincareAddicts/comments/1e73mya/dot_and_key_clay_mask/,Has anyone used this,Just-Improvement-880,"I have oily acne prone skin, I used dot and key barrier repair cream and it was so bad for my skin . I started having breakouts. So what should I do, should i try this green mask for my acne and acne marks?",1,2026-02-24 23:00:14
Dot & Key Chocolate Glow Mousse Face Mask,IndianSkincareAddicts,REVIEW OF ALL THE SUNSCREENS I HAVE EVER USED,https://www.reddit.com/r/IndianSkincareAddicts/comments/103yi1p/review_of_all_the_sunscreens_i_have_ever_used/,"# I am going to divide my post in two parts - 1) The sunscreens which I have used but didn't like and 2) My favourite sunscreens.

&amp;#x200B;

**The first part (this contains many good sunscreens which I like but don't use because I do not like anhydrous silicone sunscreens anymore and I will explain the reason for that later on) :**

&amp;#x200B;

1. Reequil Sheer Zinc - My second favourite silicone sunscreen

• White Cast - It is cosmetically appealing, doesn't leave any cast.(Is tinted). On reapplication it is a bit visible.

• Gives matte finish and a bit cakey finish too but that's okay.

• Doesn't sting around the eyes(mineral sunscreen)

• Is very water resistant (Needs double cleansing).

• Blends very well.

&amp;#x200B;

2) Reequil Ultra Matte(Silicone Sunscreen) \[Fav. Silicone sunscreen among the non tinted ones\]

• White Cast - Doesn't leave a cast at 1/4 tsp but after reapplication - it is visible and even more visible in the sun (So it might leave a cast on deeper skin tones).

• There is a bit of eye stinging but it isn't that noticeable.(It was difficult to open my eyes in the sun, made my eyes watery but otherwise the stinging wasn't much - i haven't tried it b",Regular_Ad_9960,"I need genuine advice. I have suddenly developed a phobia of chemical sunscreens, so I am in need of a mineral one. I liked using the DOT and KEY one and the Neutregena one too (despite its somewhat oily glowy finish). but all of those contain active chemicals, which I don’t like. The only active chemicals I need are zinc oxide and titanium dioxide. 
I want to try out the Avimee surya kavach mineral one but I’ve heard it smells. Do you have any other sunscreen that might fit the bill on what I need? Thanks I’d appreciate the advice.",1,2026-02-24 23:00:14
Dot & Key Chocolate Glow Mousse Face Mask,IndianBeautyDeals,Smytten dot and key clay mask,https://www.reddit.com/r/IndianBeautyDeals/comments/1k2v4xg/smytten_dot_and_key_clay_mask/,I paid 209 using smytten bucks but normal  total will be 269 which is still a very good deal for this,[post author],I paid 209 using smytten bucks but normal  total will be 269 which is still a very good deal for this,7,2026-02-24 23:00:14
Dot & Key Chocolate Glow Mousse Face Mask,IndianBeautyDeals,Dot &amp; Key 4 Facewash for ₹242 with a FREE mini Serum! ,https://www.reddit.com/r/IndianBeautyDeals/comments/1h8z4vc/dot_key_4_facewash_for_242_with_a_free_mini_serum/,"Amazing Deal!

Get Dot &amp; Key 4 Facewash for ₹242 with a FREE mini Serum!

Shop now: https://www.dotandkey.com/collections/face-wash

Here's how:

1. Add any 3 facewashes of 100ml from the link.
2. Add the Watermelon facewash last.
3. Apply coupon code: SANGYA10

Pay ₹242 via prepaid or opt for COD with a small extra charge!

Hurry! Grab this awesome deal!",[post author],"Amazing Deal!

Get Dot &amp; Key 4 Facewash for ₹242 with a FREE mini Serum!

Shop now: https://www.dotandkey.com/collections/face-wash

Here's how:

1. Add any 3 facewashes of 100ml from the link.
2. Add the Watermelon facewash last.
3. Apply coupon code: SANGYA10

Pay ₹242 via prepaid or opt for COD with a small extra charge!

Hurry! Grab this awesome deal!",30,2026-02-24 23:00:14
Dot & Key Cica 1% Salicylic Acid Shower Gel,IndianSkincareAddicts,List of fungal-safe products [2022],https://www.reddit.com/r/IndianSkincareAddicts/comments/xyrgx8/list_of_fungalsafe_products_2022/,"⚠️ **DISCLAIMER:** Since making this post, I've learned some new information that has changed my perception and usage of the term ""fungal-safe"". I've shared about this at length in my post [""Fungal-safe"" skincare: unscientific BS?](https://reddit.com/r/IndianSkincareAddicts/s/IxvbUdN1jv) The TLDR of that post: there is no scientific proof showing that the ingredients excluded as not ""fungal-safe""  actually cause problems for those with malassezia-related conditions. The concept of ""fungal-safe"" is something created purely based on the personal experiences of people on the internet. It is 100% anecdotal. I will no longer be perpetuating the concept of ""fungal-safe"" skincare, and all previous or future posts by me should not be considered advice, but merely recountings of my personal experience. **These are simply techniques and product choices that have worked for me, personally.**

♦️♦️♦️♦️♦️

It's been over a year since I first made a list of fungal-safe products, for anyone dealing with malassezia follicutlitis (fungal acne), seb derm (seborrheic dermatitis) or similar conditions. Since then, more products have come on the market, reformulations have happened, I've used more prod",Remarkable-Ant360,"I have found some other fa safe moisturizers :- 

Aroma Treasures lightening pigmentation gel

Apieu madecassoside cream 2X

Bare body essentials hydraglow gel

Beplain cicaful calming gel

Bliscent Olive Squalane &amp; Cantaloupe Gel Moisturiser

Dot and key cica niacinamide night gel

Dr. Sheths vitamin e and ginseng cream

Dr. Sheths hibiscus and niacinamide lotion

Dr. Sheths vitamin c oil free moisturizer (has coconut alkanes)

Earth rhythm cica gel

Earth rhythm phyto gel

Goodal houttuynia cordata calming moisture cream

Haruharu wonder honey green aqua bomb cream

Ilana clarifying and calming night gel

Innisfree jeju cherry blossom jelly cream

Innisfree jeju orchid enriched cream

Innisfree green tea sleeping mask

Iunik centella calming gel cream

Joy revivify hydroboost lightweight day cream spf 15

Joy revivify hydra renew regenerate night cream (has milk lipids)

Lacuna light daily protect gel moisturizer

Moduseb moist oil free moisturizer

Nykaa SKINRX Hyaluronic Acid Hydra-X Night Moisturizer For Oily Skin

Pilgrim oil free gel moisturizer

Rovectin skin essentials cica care sleeping pack

Suganda centella green tea gel

Quench Botanics matcha better anti shine moisturizer ( According to Nykaa's ingredients list, it is fa safe, but according to tata cliq's ingredients list, it's not, I am unable to open their own website, so Idk which one is correct)

Skinfood Lettuce &amp; Cucumber Watery Cream

Thank You Farmer True Water Light Gel Cream

Truekind manjistha and saffron moisture gel

Truekind bio exfoliant brightening sleeping mask

Truekind acne calming herb rescue mask",8,2026-02-24 23:00:51
Dot & Key Cica 1% Salicylic Acid Shower Gel,IndianSkincareAddicts,[Oily/Combo skin / low porosity 2b hair] Shelfie,https://www.reddit.com/r/IndianSkincareAddicts/comments/13nnbfl/oilycombo_skin_low_porosity_2b_hair_shelfie/,"&amp;#x200B;

[ skincare produx \(ft. Chan, Seungmin, and I.N.\) ](https://preview.redd.it/nsgzkzro951b1.png?width=1600&amp;format=png&amp;auto=webp&amp;s=ac2e577379b8b4c55ee0c151bfa9a3f1c6091863)

&amp;#x200B;

[ also this product i forgot to include \(spoiler: it sucks\) ](https://preview.redd.it/fmhcn19s951b1.png?width=1072&amp;format=png&amp;auto=webp&amp;s=522417235bf8f757102bf744005f953361c8a18b)

Considering I have spent literally multiple days on this subreddit over the summer, I am really thankful for the amount of reliable info this page has given me (my money would have gone to the ‘viral’ products lol). So here I am trying to give back something. Thank you to everyone who posts here!

Skin details: oily/combo skin, bengaluru, teenage

Hair details: 2a/2b/2c (mostly 2b), dry scalp in winters, wavy, low porosity I think, kinda virgin (except the times I hair-dried my hair like twice in an year or when until half an year ago I would occasionally fail to regulate the shower heat properly and put really hot water on my hair lol)

\*\*\*

**Cleansing oil:**

***Johnson’s Baby Oil*** (not in pic coz in the bathroom):

*Usage Period: past few weeks on and off*

Non-emulsifying ",cynicalities,"I haven't used the particular Dot and Key moisturiser you mentioned, but I have used their other variants (cica calming gel, retinol and ceramides moisturiser, and vit c moisturiser). I can tell you, they are all sticky. Applying on damp skin helps, but they are still pretty sticky.

Also, between FMC and True Frog gel, FMC doesn't have a very strong hold, but makes hair sooo soft! I only used True Frog once (borrowed from a friend while on a trip), it gave great definition but it isn't much moisturising for me.",2,2026-02-24 23:00:51
Dot & Key Cica 1% Salicylic Acid Shower Gel,IndianSkincareAddicts,[Oily/Combo skin / low porosity 2b hair] Shelfie,https://www.reddit.com/r/IndianSkincareAddicts/comments/13nnbfl/oilycombo_skin_low_porosity_2b_hair_shelfie/,"&amp;#x200B;

[ skincare produx \(ft. Chan, Seungmin, and I.N.\) ](https://preview.redd.it/nsgzkzro951b1.png?width=1600&amp;format=png&amp;auto=webp&amp;s=ac2e577379b8b4c55ee0c151bfa9a3f1c6091863)

&amp;#x200B;

[ also this product i forgot to include \(spoiler: it sucks\) ](https://preview.redd.it/fmhcn19s951b1.png?width=1072&amp;format=png&amp;auto=webp&amp;s=522417235bf8f757102bf744005f953361c8a18b)

Considering I have spent literally multiple days on this subreddit over the summer, I am really thankful for the amount of reliable info this page has given me (my money would have gone to the ‘viral’ products lol). So here I am trying to give back something. Thank you to everyone who posts here!

Skin details: oily/combo skin, bengaluru, teenage

Hair details: 2a/2b/2c (mostly 2b), dry scalp in winters, wavy, low porosity I think, kinda virgin (except the times I hair-dried my hair like twice in an year or when until half an year ago I would occasionally fail to regulate the shower heat properly and put really hot water on my hair lol)

\*\*\*

**Cleansing oil:**

***Johnson’s Baby Oil*** (not in pic coz in the bathroom):

*Usage Period: past few weeks on and off*

Non-emulsifying ",IllResponsibility496,"thank you now ik no buying dot and key moisturizers ever again. I will try applying it on damp skin, thank you so much for the tip!

Also, between fmc and true frog, which do you think would be better for wavy hair? I've heard that products with heavier hold could be great for curls but might weigh down waves which need smthn lightweight.",1,2026-02-24 23:00:51
Dot & Key Cica 1% Salicylic Acid Shower Gel,IndianSkincareAddicts,Body Care Products,https://www.reddit.com/r/IndianSkincareAddicts/comments/zuvq3b/body_care_products/,"Hi,

I'm 27F with dry skin. I have PCOS - hence hyperpigmentation in quite a few areas. Another issues is my back acne. I also have terrible allergies to mosquito which leaves dark spots all over my legs. These are my current body care products. Kindly feel free to ask anything.

[Body Care products](https://preview.redd.it/cq19mqaxs08a1.jpg?width=1280&amp;format=pjpg&amp;auto=webp&amp;s=1c018399469912f5f73b8f454e0b46dfcceab285)

Body wash

1. [Love Beauty &amp; Planet Natural Murumuru Butter and Rose Sulfate Free Body Wash](https://www.nykaa.com/love-beauty-planet-murumuru-butter-and-rose-aroma-bountiful-moisture-body-wash/p/575171) \- Does the job, cleanses well. It has a base of coconut oil and murumuru butter. I suffer from back acne/bacne so I do not use this on my back or if I do, I dilute it in water a lot then use it to cleanse it. It is a gentle body cleanser. Coconut oil doesn't suit my skin and generally not recommended to oily skin peeps (although I have dry skin) as it can clog pores. Murumuru butter is less comdeogenic and that is an ingredient I like. This body wash give me soft skin post shower. WNRP (because I was recently gifted with 5 gift sets from bath &amp; bo",[post author],"Hi,

I'm 27F with dry skin. I have PCOS - hence hyperpigmentation in quite a few areas. Another issues is my back acne. I also have terrible allergies to mosquito which leaves dark spots all over my legs. These are my current body care products. Kindly feel free to ask anything.

[Body Care products](https://preview.redd.it/cq19mqaxs08a1.jpg?width=1280&amp;format=pjpg&amp;auto=webp&amp;s=1c018399469912f5f73b8f454e0b46dfcceab285)

Body wash

1. [Love Beauty &amp; Planet Natural Murumuru Butter and Rose Sulfate Free Body Wash](https://www.nykaa.com/love-beauty-planet-murumuru-butter-and-rose-aroma-bountiful-moisture-body-wash/p/575171) \- Does the job, cleanses well. It has a base of coconut oil and murumuru butter. I suffer from back acne/bacne so I do not use this on my back or if I do, I dilute it in water a lot then use it to cleanse it. It is a gentle body cleanser. Coconut oil doesn't suit my skin and generally not recommended to oily skin peeps (although I have dry skin) as it can clog pores. Murumuru butter is less comdeogenic and that is an ingredient I like. This body wash give me soft skin post shower. WNRP (because I was recently gifted with 5 gift sets from bath &amp; bo",50,2026-02-24 23:00:51
Dot & Key Cica 1% Salicylic Acid Shower Gel,IndianBeautyDeals,Best offer i can get on Dot n Key 72hr gel?,https://www.reddit.com/r/IndianBeautyDeals/comments/1g6aym4/best_offer_i_can_get_on_dot_n_key_72hr_gel/,,Ridi_06,"Hi I have 2 new dot and key products, moisturizer and face mask for good discount, please see if you require the same",0,2026-02-24 23:00:51
Dot & Key Cica 10% Niacinamide Serum,IndianSkincareAddicts,Dot and key Cica sunscreen is worth purchasing?,https://www.reddit.com/r/IndianSkincareAddicts/comments/1oienkx/dot_and_key_cica_sunscreen_is_worth_purchasing/,"Want to buy dot and key cica sunscreen, sunscreen spray bottle and the pink niacinamide serum. I have been using the watermelon sunscreen. But want to try there tinted sunscreen and detan one as well.Please give reviews. 
Thanks",[post author],"Want to buy dot and key cica sunscreen, sunscreen spray bottle and the pink niacinamide serum. I have been using the watermelon sunscreen. But want to try there tinted sunscreen and detan one as well.Please give reviews. 
Thanks",2,2026-02-24 23:01:31
Dot & Key Cica 10% Niacinamide Serum,IndianSkincareAddicts,dot and Key Launched a Sunscreen which looks interesting,https://www.reddit.com/r/IndianSkincareAddicts/comments/vdfcqg/dot_and_key_launched_a_sunscreen_which_looks/,"Claims sweat and water resistance which I haven't been able to find in L'oreal and Korean sunscreens. Right now I use reequil which is quite satisfactory and I don't necessarily need to switch. But this Sunscreen looks interesting. What do you think?

This is the full ingredient list copied from the site. 

The cons I could find: homosalate in the formulation and it's only PA+++ whereas reequil one is PA++++[link to product](https://www.dotandkey.com/products/cica-calming-niacinamide-sunscreen-spf-50-pa)

Aqua, Ethylhexyl Salicylate, Dimethicone, Glyceryl Stearate &amp; PEG-100 Stearate, Homosalate, C12-15 Alkyl Benzoate, Glycerin, Zinc Oxide &amp; Isostearic Acid &amp; Polyhydroxystearic Acid, Tris-Biphenyl Triazine &amp; Decyl Glucoside &amp; Butylene Glycol &amp; Disodium Phosphate &amp; Xanthan Gum, Methylene Bis-Benzotriazolyl Tetramethylbutylphenol &amp; Propylene Glycol, Silica, Polyacrylamide &amp; C13-14 Isoparaffin &amp; Laureth-7, Caprylhydroxamic Acid &amp; 1,2-Hexanediol &amp; Propanediol, C20-22 Alkyl Phosphate &amp; C20-22 Alcohols, Niacinamide, Bis-Ethylhexyloxyphenol Methoxyphenyl Triazine, Camellia Sinensis (Green Tea) Leaf Extract, Centella Asiatica (Cica) Leaf E",[post author],"Claims sweat and water resistance which I haven't been able to find in L'oreal and Korean sunscreens. Right now I use reequil which is quite satisfactory and I don't necessarily need to switch. But this Sunscreen looks interesting. What do you think?

This is the full ingredient list copied from the site. 

The cons I could find: homosalate in the formulation and it's only PA+++ whereas reequil one is PA++++[link to product](https://www.dotandkey.com/products/cica-calming-niacinamide-sunscreen-spf-50-pa)

Aqua, Ethylhexyl Salicylate, Dimethicone, Glyceryl Stearate &amp; PEG-100 Stearate, Homosalate, C12-15 Alkyl Benzoate, Glycerin, Zinc Oxide &amp; Isostearic Acid &amp; Polyhydroxystearic Acid, Tris-Biphenyl Triazine &amp; Decyl Glucoside &amp; Butylene Glycol &amp; Disodium Phosphate &amp; Xanthan Gum, Methylene Bis-Benzotriazolyl Tetramethylbutylphenol &amp; Propylene Glycol, Silica, Polyacrylamide &amp; C13-14 Isoparaffin &amp; Laureth-7, Caprylhydroxamic Acid &amp; 1,2-Hexanediol &amp; Propanediol, C20-22 Alkyl Phosphate &amp; C20-22 Alcohols, Niacinamide, Bis-Ethylhexyloxyphenol Methoxyphenyl Triazine, Camellia Sinensis (Green Tea) Leaf Extract, Centella Asiatica (Cica) Leaf E",24,2026-02-24 23:01:31
Dot & Key Cica 10% Niacinamide Serum,SkincareAddiction,[Routine Help] Nothing's working on my skin,https://www.reddit.com/r/SkincareAddiction/comments/1o2q412/routine_help_nothings_working_on_my_skin/,"It's been 3-4 months since I've been using this routine and nothing seems to work. I (16) have an oily skin and there are post acne marks, whiteheads, blackheads, open pores on my forehead, cheeks, chin and nose. I'll share my routine here

AM
1. Cetaphil oily skin cleanser
2. ice rolling
3. dot and key toner with cica and niacinamide 
4. the ordinary 10% niacinamide serum 
5. ponds super light gel with vitamin c 
6. sunscreen 

PM 
1. ordinary salyclyic acid face wash
2. toner
3. 2% salyclyic acid serum 
4. moisturizer 

is there something wrong in my routine? is it too much?
Any advice would be very helpful!",[post author],"It's been 3-4 months since I've been using this routine and nothing seems to work. I (16) have an oily skin and there are post acne marks, whiteheads, blackheads, open pores on my forehead, cheeks, chin and nose. I'll share my routine here

AM
1. Cetaphil oily skin cleanser
2. ice rolling
3. dot and key toner with cica and niacinamide 
4. the ordinary 10% niacinamide serum 
5. ponds super light gel with vitamin c 
6. sunscreen 

PM 
1. ordinary salyclyic acid face wash
2. toner
3. 2% salyclyic acid serum 
4. moisturizer 

is there something wrong in my routine? is it too much?
Any advice would be very helpful!",6,2026-02-24 23:01:31
Dot & Key Cica 10% Niacinamide Serum,IndianBeautyDeals,Dot &amp; Key 4 Facewash for ₹242 with a FREE mini Serum! ,https://www.reddit.com/r/IndianBeautyDeals/comments/1h8z4vc/dot_key_4_facewash_for_242_with_a_free_mini_serum/,"Amazing Deal!

Get Dot &amp; Key 4 Facewash for ₹242 with a FREE mini Serum!

Shop now: https://www.dotandkey.com/collections/face-wash

Here's how:

1. Add any 3 facewashes of 100ml from the link.
2. Add the Watermelon facewash last.
3. Apply coupon code: SANGYA10

Pay ₹242 via prepaid or opt for COD with a small extra charge!

Hurry! Grab this awesome deal!",[post author],"Amazing Deal!

Get Dot &amp; Key 4 Facewash for ₹242 with a FREE mini Serum!

Shop now: https://www.dotandkey.com/collections/face-wash

Here's how:

1. Add any 3 facewashes of 100ml from the link.
2. Add the Watermelon facewash last.
3. Apply coupon code: SANGYA10

Pay ₹242 via prepaid or opt for COD with a small extra charge!

Hurry! Grab this awesome deal!",28,2026-02-24 23:01:31
Dot & Key Cica 10% Niacinamide Serum,IndianBeautyDeals,Is this worth it ,https://www.reddit.com/r/IndianBeautyDeals/comments/1eybe43/is_this_worth_it/,How is this deal.... I have dry skin and I'm trying dot and key for the first time... Any suggestions or reviews are welcome 🥰,[post author],How is this deal.... I have dry skin and I'm trying dot and key for the first time... Any suggestions or reviews are welcome 🥰,8,2026-02-24 23:01:31
Dot & Key Cica 2% Salicylic Face Wash Green Tea,IndianSkincareAddicts,"Salicylic Acid face wash Mini Reviews (combination, acne prone skin)",https://www.reddit.com/r/IndianSkincareAddicts/comments/1b116co/salicylic_acid_face_wash_mini_reviews_combination/,"35F with combination acne prone skin with no acne. I personally feel SA based face washes are hyped up and it's better to use a serum. My first ever SA based face wash was Cipla Saslic one which I picked up during COVID second wave. I bought it from Apollo pharmacy and the girl there suggested me to use 1% face wash (orange pack) before getting the 2% face wash (blue pack). My expected were set high after using Saslic face wash so I tried using the popular brands on Instagram only to be disappointed 😞. I don't use SA based face washes daily, I may use them alternative days.

**Cipla Saslic Foaming Face Wash -** *Love it, HG. WRP.*

* ​**Texture** : Foam (bottle dispenses foam directly)
* **Usage Timeline**: half year, PM 
* **Fragrance**: Has a slight clinical smell
* **Experience**: I like the brightening effect this face wash gives while gently exfoliating the skin. It contains 1% salicylic acid which noticeably reduces whiteheads too. I have used this face wash for a long period of time and never noticed any tightness, drying or flaking of my skin. While using this face wash I didn't experience a single acne. The efficacy, affordable price of Cipla Saslic Face Wash is worth it! ",[post author],"35F with combination acne prone skin with no acne. I personally feel SA based face washes are hyped up and it's better to use a serum. My first ever SA based face wash was Cipla Saslic one which I picked up during COVID second wave. I bought it from Apollo pharmacy and the girl there suggested me to use 1% face wash (orange pack) before getting the 2% face wash (blue pack). My expected were set high after using Saslic face wash so I tried using the popular brands on Instagram only to be disappointed 😞. I don't use SA based face washes daily, I may use them alternative days.

**Cipla Saslic Foaming Face Wash -** *Love it, HG. WRP.*

* ​**Texture** : Foam (bottle dispenses foam directly)
* **Usage Timeline**: half year, PM 
* **Fragrance**: Has a slight clinical smell
* **Experience**: I like the brightening effect this face wash gives while gently exfoliating the skin. It contains 1% salicylic acid which noticeably reduces whiteheads too. I have used this face wash for a long period of time and never noticed any tightness, drying or flaking of my skin. While using this face wash I didn't experience a single acne. The efficacy, affordable price of Cipla Saslic Face Wash is worth it! ",57,2026-02-24 23:02:13
Dot & Key Cica 2% Salicylic Face Wash Green Tea,IndianSkincareAddicts,List of fungal-safe products [2022],https://www.reddit.com/r/IndianSkincareAddicts/comments/xyrgx8/list_of_fungalsafe_products_2022/,"⚠️ **DISCLAIMER:** Since making this post, I've learned some new information that has changed my perception and usage of the term ""fungal-safe"". I've shared about this at length in my post [""Fungal-safe"" skincare: unscientific BS?](https://reddit.com/r/IndianSkincareAddicts/s/IxvbUdN1jv) The TLDR of that post: there is no scientific proof showing that the ingredients excluded as not ""fungal-safe""  actually cause problems for those with malassezia-related conditions. The concept of ""fungal-safe"" is something created purely based on the personal experiences of people on the internet. It is 100% anecdotal. I will no longer be perpetuating the concept of ""fungal-safe"" skincare, and all previous or future posts by me should not be considered advice, but merely recountings of my personal experience. **These are simply techniques and product choices that have worked for me, personally.**

♦️♦️♦️♦️♦️

It's been over a year since I first made a list of fungal-safe products, for anyone dealing with malassezia follicutlitis (fungal acne), seb derm (seborrheic dermatitis) or similar conditions. Since then, more products have come on the market, reformulations have happened, I've used more prod",Remarkable-Ant360,"I have found some other fa safe moisturizers :- 

Aroma Treasures lightening pigmentation gel

Apieu madecassoside cream 2X

Bare body essentials hydraglow gel

Beplain cicaful calming gel

Bliscent Olive Squalane &amp; Cantaloupe Gel Moisturiser

Dot and key cica niacinamide night gel

Dr. Sheths vitamin e and ginseng cream

Dr. Sheths hibiscus and niacinamide lotion

Dr. Sheths vitamin c oil free moisturizer (has coconut alkanes)

Earth rhythm cica gel

Earth rhythm phyto gel

Goodal houttuynia cordata calming moisture cream

Haruharu wonder honey green aqua bomb cream

Ilana clarifying and calming night gel

Innisfree jeju cherry blossom jelly cream

Innisfree jeju orchid enriched cream

Innisfree green tea sleeping mask

Iunik centella calming gel cream

Joy revivify hydroboost lightweight day cream spf 15

Joy revivify hydra renew regenerate night cream (has milk lipids)

Lacuna light daily protect gel moisturizer

Moduseb moist oil free moisturizer

Nykaa SKINRX Hyaluronic Acid Hydra-X Night Moisturizer For Oily Skin

Pilgrim oil free gel moisturizer

Rovectin skin essentials cica care sleeping pack

Suganda centella green tea gel

Quench Botanics matcha better anti shine moisturizer ( According to Nykaa's ingredients list, it is fa safe, but according to tata cliq's ingredients list, it's not, I am unable to open their own website, so Idk which one is correct)

Skinfood Lettuce &amp; Cucumber Watery Cream

Thank You Farmer True Water Light Gel Cream

Truekind manjistha and saffron moisture gel

Truekind bio exfoliant brightening sleeping mask

Truekind acne calming herb rescue mask",8,2026-02-24 23:02:13
Dot & Key Cica 2% Salicylic Face Wash Green Tea,IndianSkincareAddicts,Holy grail facewash!!!!!,https://www.reddit.com/r/IndianSkincareAddicts/comments/1p1x392/holy_grail_facewash/,hi I am looking for gentle facewash for my oily acne prone skin. I am using dot and key cica facewash everyday and i found out you're not supposed to use salicylic acid based facewash everyday and also it's quite average so looking for a new one!! Budget friendly please I'm a broke teenager :) please let me know which ones worked out for you!!!,[post author],hi I am looking for gentle facewash for my oily acne prone skin. I am using dot and key cica facewash everyday and i found out you're not supposed to use salicylic acid based facewash everyday and also it's quite average so looking for a new one!! Budget friendly please I'm a broke teenager :) please let me know which ones worked out for you!!!,5,2026-02-24 23:02:13
Dot & Key Cica 2% Salicylic Face Wash Green Tea,IndianBeautyDeals,RE: Dot and Key glitch - I think they have disabled the watermelon face wash. Any workaround?,https://www.reddit.com/r/IndianBeautyDeals/comments/1ha2i15/re_dot_and_key_glitch_i_think_they_have_disabled/,the title.,AlekhyaDas,"It's gone, it has been going on since the Dot n Key sale started 2 days back",1,2026-02-24 23:02:13
Dot & Key Cica Niacinamide Anti Acne Gel Face Pack,IndianSkincareAddicts,List of fungal-safe products [2022],https://www.reddit.com/r/IndianSkincareAddicts/comments/xyrgx8/list_of_fungalsafe_products_2022/,"⚠️ **DISCLAIMER:** Since making this post, I've learned some new information that has changed my perception and usage of the term ""fungal-safe"". I've shared about this at length in my post [""Fungal-safe"" skincare: unscientific BS?](https://reddit.com/r/IndianSkincareAddicts/s/IxvbUdN1jv) The TLDR of that post: there is no scientific proof showing that the ingredients excluded as not ""fungal-safe""  actually cause problems for those with malassezia-related conditions. The concept of ""fungal-safe"" is something created purely based on the personal experiences of people on the internet. It is 100% anecdotal. I will no longer be perpetuating the concept of ""fungal-safe"" skincare, and all previous or future posts by me should not be considered advice, but merely recountings of my personal experience. **These are simply techniques and product choices that have worked for me, personally.**

♦️♦️♦️♦️♦️

It's been over a year since I first made a list of fungal-safe products, for anyone dealing with malassezia follicutlitis (fungal acne), seb derm (seborrheic dermatitis) or similar conditions. Since then, more products have come on the market, reformulations have happened, I've used more prod",Remarkable-Ant360,"I have found some other fa safe moisturizers :- 

Aroma Treasures lightening pigmentation gel

Apieu madecassoside cream 2X

Bare body essentials hydraglow gel

Beplain cicaful calming gel

Bliscent Olive Squalane &amp; Cantaloupe Gel Moisturiser

Dot and key cica niacinamide night gel

Dr. Sheths vitamin e and ginseng cream

Dr. Sheths hibiscus and niacinamide lotion

Dr. Sheths vitamin c oil free moisturizer (has coconut alkanes)

Earth rhythm cica gel

Earth rhythm phyto gel

Goodal houttuynia cordata calming moisture cream

Haruharu wonder honey green aqua bomb cream

Ilana clarifying and calming night gel

Innisfree jeju cherry blossom jelly cream

Innisfree jeju orchid enriched cream

Innisfree green tea sleeping mask

Iunik centella calming gel cream

Joy revivify hydroboost lightweight day cream spf 15

Joy revivify hydra renew regenerate night cream (has milk lipids)

Lacuna light daily protect gel moisturizer

Moduseb moist oil free moisturizer

Nykaa SKINRX Hyaluronic Acid Hydra-X Night Moisturizer For Oily Skin

Pilgrim oil free gel moisturizer

Rovectin skin essentials cica care sleeping pack

Suganda centella green tea gel

Quench Botanics matcha better anti shine moisturizer ( According to Nykaa's ingredients list, it is fa safe, but according to tata cliq's ingredients list, it's not, I am unable to open their own website, so Idk which one is correct)

Skinfood Lettuce &amp; Cucumber Watery Cream

Thank You Farmer True Water Light Gel Cream

Truekind manjistha and saffron moisture gel

Truekind bio exfoliant brightening sleeping mask

Truekind acne calming herb rescue mask",8,2026-02-24 23:02:51
Dot & Key Cica Niacinamide Anti Acne Gel Face Pack,IndianBeautyDeals,Best offer i can get on Dot n Key 72hr gel?,https://www.reddit.com/r/IndianBeautyDeals/comments/1g6aym4/best_offer_i_can_get_on_dot_n_key_72hr_gel/,,Ridi_06,"Hi I have 2 new dot and key products, moisturizer and face mask for good discount, please see if you require the same",0,2026-02-24 23:02:51
